<?xml version="1.0" encoding="UTF-8"?>
<!--Created by Kactus 2 document generator 14:40:13 pe syys 9 2011-->
<spirit:abstractionDefinition>
	<spirit:vendor>TUT</spirit:vendor>
	<spirit:library>ip.hwp.interface</spirit:library>
	<spirit:name>ethernet_lan91c111.absDef</spirit:name>
	<spirit:version>1.0</spirit:version>
	<spirit:busType spirit:vendor="TUT" spirit:library="ip.hwp.interface" spirit:name="ethernet_lan91c111" spirit:version="1.0"/>
	<spirit:ports>
		<spirit:port>
			<spirit:logicalName>eth_addr_out</spirit:logicalName>
			<spirit:description>See comments in lan91c111_ctrl_pkg.vhd. SMSC indexes the address bus starting fromn 1, not 0.</spirit:description>
			<spirit:wire>
				<spirit:onMaster>
					<spirit:presence>required</spirit:presence>
					<spirit:width>15</spirit:width>
					<spirit:direction>out</spirit:direction>
				</spirit:onMaster>
				<spirit:requiresDriver spirit:driverType="any"/>false</spirit:wire>
		</spirit:port>
		<spirit:port>
			<spirit:logicalName>eth_data_inout</spirit:logicalName>
			<spirit:wire>
				<spirit:onMaster>
					<spirit:presence>required</spirit:presence>
					<spirit:width>31</spirit:width>
					<spirit:direction>inout</spirit:direction>
				</spirit:onMaster>
				<spirit:requiresDriver spirit:driverType="any"/>false</spirit:wire>
		</spirit:port>
		<spirit:port>
			<spirit:logicalName>eth_interrupt_in</spirit:logicalName>
			<spirit:wire>
				<spirit:onMaster>
					<spirit:presence>required</spirit:presence>
					<spirit:width>1</spirit:width>
					<spirit:direction>in</spirit:direction>
				</spirit:onMaster>
				<spirit:requiresDriver spirit:driverType="any"/>false</spirit:wire>
		</spirit:port>
		<spirit:port>
			<spirit:logicalName>eth_nADS_out</spirit:logicalName>
			<spirit:wire>
				<spirit:onMaster>
					<spirit:presence>required</spirit:presence>
					<spirit:width>1</spirit:width>
					<spirit:direction>out</spirit:direction>
				</spirit:onMaster>
				<spirit:requiresDriver spirit:driverType="any"/>false</spirit:wire>
		</spirit:port>
		<spirit:port>
			<spirit:logicalName>eth_nAEN_out</spirit:logicalName>
			<spirit:wire>
				<spirit:onMaster>
					<spirit:presence>required</spirit:presence>
					<spirit:width>1</spirit:width>
					<spirit:direction>out</spirit:direction>
				</spirit:onMaster>
				<spirit:requiresDriver spirit:driverType="any"/>false</spirit:wire>
		</spirit:port>
		<spirit:port>
			<spirit:logicalName>eth_nBE_out</spirit:logicalName>
			<spirit:wire>
				<spirit:onMaster>
					<spirit:presence>required</spirit:presence>
					<spirit:width>4</spirit:width>
					<spirit:direction>out</spirit:direction>
				</spirit:onMaster>
				<spirit:requiresDriver spirit:driverType="any"/>false</spirit:wire>
		</spirit:port>
		<spirit:port>
			<spirit:logicalName>eth_read_out</spirit:logicalName>
			<spirit:wire>
				<spirit:onMaster>
					<spirit:presence>required</spirit:presence>
					<spirit:width>1</spirit:width>
					<spirit:direction>out</spirit:direction>
				</spirit:onMaster>
				<spirit:requiresDriver spirit:driverType="any"/>false</spirit:wire>
		</spirit:port>
		<spirit:port>
			<spirit:logicalName>eth_write_out</spirit:logicalName>
			<spirit:wire>
				<spirit:onMaster>
					<spirit:presence>required</spirit:presence>
					<spirit:width>1</spirit:width>
					<spirit:direction>out</spirit:direction>
				</spirit:onMaster>
				<spirit:requiresDriver spirit:driverType="any"/>false</spirit:wire>
		</spirit:port>
	</spirit:ports>
</spirit:abstractionDefinition>
