<?xml version="1.0" encoding="UTF-8"?>
<properties>
    <results value=""/>
    <socket value="9980"/>
    <inputTokens>
        <xsm value=""/>
	<pe_lib value="C:/trans_gen\lib\hw_lib\exploration\processing_element_lib.xml"/>
    </inputTokens>
    <outputTokens>
        <xsm value=""/>
    </outputTokens>
    <externalTools/>
    <typeProperties>
        <component_constraints>
            <ARM7        value="false"/>
            <ARM9        value="false"/>
            <MIPS4K      value="false"/>
            <MIPS_5Kc    value="false"/>
            <Nios_II_f   value="false"/>
            <TMS320C6202 value="false"/>
            <TTA_10PE    value="false"/>
            <Xtensa      value="false"/>
            <frequency>
                <max  value="170"/>
                <min  value="150"/>
                <step value="10"/>
            </frequency>
        </component_constraints>
        <network_constraints>
            <bus_width>
                <max  value="32"/>
                <min  value="32"/>
                <step value="8"/>
            </bus_width>
            <frequency>
                <max  value="20"/>
                <min  value="20"/>
                <step value="10"/>
            </frequency>
            <max_send>
                <max  value="50"/>
                <min  value="50"/>
                <same_for_each_wrapper value="true"/>
                <step value="5"/>
            </max_send>
            <rx_fifo_depth>
                <equals_to_tx value="true"/>
                <max  value="4"/>
                <min  value="4"/>
                <same_for_each_wrapper value="true"/>
                <step value="1"/>
            </rx_fifo_depth>
            <tx_fifo_depth>
                <max  value="4"/>
                <min  value="4"/>
                <same_for_each_wrapper value="true"/>
                <step value="1"/>
            </tx_fifo_depth>
        </network_constraints>
        <sys_constraints>
            <costfunction value="P + (100000000.0 / pc)"/>
            <number_of_pes_range>
                <max value="3"/>
                <min value="3"/>
            </number_of_pes_range>
            <number_of_segments_range>
                <max value="1"/>
                <min value="1"/>
            </number_of_segments_range>
        </sys_constraints>
    </typeProperties>
    <toolProperties>
        <mapping_algorithm value="greedy_simulated_annealing"/>
        <network_model     value="HIBI_SIMPLE"/>
        <optimization_iteration_limits>
            <allocation_iterations          value="0"/>
            <bus_width_iterations           value="0"/>
            <fifo_depth_iterations          value="0"/>
            <network_arbitration_iterations value="0"/>
            <priority_iterations            value="0"/>
            <task_mapping_iterations        value="0"/>
            <scheduling_optimization>
                <fifo           value="true"/>
                <fixed_priority value="false"/>
                <round_robin    value="false"/>
            </scheduling_optimization>
            <total_iterations value="0"/>
        </optimization_iteration_limits>
        <performance_reference>
            <execution_count value="0"/>
            <pid             value="0"/>
        </performance_reference>
        <scale_performance_results value="false"/>
        <simulation_ns             value="1000000000"/>
    </toolProperties>
</properties>
