<?xml version='1.0'?>
<!DOCTYPE system_description>


<system xmlns:xsi="http://www.w3.org/2001/XMLSchema-instance" 
	xsi:noNamespaceSchemaLocation="xsm_content_model.xsd">
  <xsm_version value="4"/>
  
  <application>
    <task_graph>
      
      <task name="Task0_in" id="0" class="general">
	<in_port id="27"/>
	<out_port id="0"/>
	<out_port id="14"/>
	<trigger>
	  <in_port id="27"/>
	  <exec_count>
	    <op_count>
	      <int_ops>
		<polynomial>
		  <param value="0" exp="0"/>
		</polynomial>
	      </int_ops>
	    </op_count>
	    <send out_id="0" prob="1">
	      <byte_amount>
		<polynomial>
		  <param value="65536" exp="0"/>
		</polynomial>
	      </byte_amount>
	    </send>
	    <send out_id="14" prob="1">
	      <byte_amount>
		<polynomial>
		  <param value="131072" exp="0"/>
		</polynomial>
	      </byte_amount>
	    </send>
	    <next_state value="READY"/>
	  </exec_count>
	</trigger>
      </task>


      <task name="Task1_nr" id="1" class="general">
	<in_port id="1"/>
	<in_port id="5"/>
	<out_port id="2"/>
	<out_port id="6"/>
	<trigger>
	  <in_port id="1"/>
	  <exec_count>
	    <op_count>
	      <int_ops>
		<polynomial>
		  <param value="0" exp="0"/>
		</polynomial>
	      </int_ops>
	    </op_count>
	    <send out_id="2" prob="1">
	      <byte_amount>
		<polynomial>
		  <param value="65536" exp="0"/>
		</polynomial>
	      </byte_amount>
	    </send>
	    <next_state value="READY"/>
	  </exec_count>
	</trigger>
	<trigger>
	  <in_port id="5"/>
	  <exec_count>
	    <op_count>
	      <int_ops>
		<polynomial>
		  <param value="0" exp="0"/>
		</polynomial>
	      </int_ops>
	    </op_count>
	    <send out_id="6" prob="1">
	      <byte_amount>
		<polynomial>
		  <param value="98304" exp="0"/>
		</polynomial>
	      </byte_amount>
	    </send>
	    <next_state value="READY"/>
	  </exec_count>
	</trigger>
      </task>

      <task name="Task2_mem1" id="2" class="general">
	<in_port id="3"/>
	<out_port id="4"/>
	<trigger>
	  <in_port id="3"/>
	  <exec_count>
	    <op_count>
	      <int_ops>
		<polynomial>
		  <param value="0" exp="0"/>
		</polynomial>
	      </int_ops>
	    </op_count>
	    <send out_id="4" prob="1">
	      <byte_amount>
		<polynomial>
		  <param value="65536" exp="0"/>
		</polynomial>
	      </byte_amount>
	    </send>
	    <next_state value="READY"/>
	  </exec_count>
	</trigger>
      </task>

      <task name="Task3_vs" id="3" class="general">
	<in_port id="17"/>
	<out_port id="18"/>
	<trigger>
	  <in_port id="17"/>
	  <exec_count>
	    <op_count>
	      <int_ops>
		<polynomial>
		  <param value="0" exp="0"/>
		</polynomial>
	      </int_ops>
	    </op_count>
	    <send out_id="18" prob="1">
	      <byte_amount>
		<polynomial>
		  <param value="98304" exp="0"/>
		</polynomial>
	      </byte_amount>
	    </send>
	    <next_state value="READY"/>
	  </exec_count>
	</trigger>
      </task>

      <task name="Task4_hs" id="4" class="general">
	<in_port id="15"/>
	<out_port id="16"/>
	<trigger>
	  <in_port id="15"/>
	  <exec_count>
	    <op_count>
	      <int_ops>
		<polynomial>
		  <param value="0" exp="0"/>
		</polynomial>
	      </int_ops>
	    </op_count>
	    <send out_id="16" prob="1">
	      <byte_amount>
		<polynomial>
		  <param value="98304" exp="0"/>
		</polynomial>
	      </byte_amount>
	    </send>
	    <next_state value="READY"/>
	  </exec_count>
	</trigger>
      </task>

      <task name="Task5_mem2" id="5" class="general">
	<in_port id="7"/>
	<out_port id="8"/>
	<trigger>
	  <in_port id="7"/>
	  <exec_count>
	    <op_count>
	      <int_ops>
		<polynomial>
		  <param value="0" exp="0"/>
		</polynomial>
	      </int_ops>
	    </op_count>
	    <send out_id="8" prob="1">
	      <byte_amount>
		<polynomial>
		  <param value="98304" exp="0"/>
		</polynomial>
	      </byte_amount>
	    </send>
	    <next_state value="READY"/>
	  </exec_count>
	</trigger>
      </task>

      <task name="Task6_hrs" id="6" class="general">
	<in_port id="9"/>
	<out_port id="10"/>
	<trigger>
	  <in_port id="9"/>
	  <exec_count>
	    <op_count>
	      <int_ops>
		<polynomial>
		  <param value="0" exp="0"/>
		</polynomial>
	      </int_ops>
	    </op_count>
	    <send out_id="10" prob="1">
	      <byte_amount>
		<polynomial>
		  <param value="98304" exp="0"/>
		</polynomial>
	      </byte_amount>
	    </send>
	    <next_state value="READY"/>
	  </exec_count>
	</trigger>
      </task>

      <task name="Task7_jug1" id="7" class="general">
	<in_port id="19"/>
	<out_port id="20"/>
	<trigger>
	  <in_port id="19"/>
	  <exec_count>
	    <op_count>
	      <int_ops>
		<polynomial>
		  <param value="0" exp="0"/>
		</polynomial>
	      </int_ops>
	    </op_count>
	    <send out_id="20" prob="1">
	      <byte_amount>
		<polynomial>
		  <param value="98304" exp="0"/>
		</polynomial>
	      </byte_amount>
	    </send>
	    <next_state value="READY"/>
	  </exec_count>
	</trigger>
      </task>

      <task name="Task8_mem3" id="8" class="general">
	<in_port id="21"/>
	<in_port id="13"/>
	<out_port id="22"/>
	<trigger dependence_type="and">
	  <in_port id="21"/>
	  <in_port id="13"/>
	  <exec_count>
	    <op_count>
	      <int_ops>
		<polynomial>
		  <param value="0" exp="0"/>
		</polynomial>
	      </int_ops>
	    </op_count>
	    <send out_id="22" prob="1">
	      <byte_amount>
		<polynomial>
		  <param value="65536" exp="0"/>
		</polynomial>
	      </byte_amount>
	    </send>
	    <next_state value="READY"/>
	  </exec_count>
	</trigger>
      </task>

      <task name="Task9_jug2" id="9" class="general">
	<in_port id="11"/>
	<out_port id="12"/>
	<trigger>
	  <in_port id="11"/>
	  <exec_count>
	    <op_count>
	      <int_ops>
		<polynomial>
		  <param value="0" exp="0"/>
		</polynomial>
	      </int_ops>
	    </op_count>
	    <send out_id="12" prob="1">
	      <byte_amount>
		<polynomial>
		  <param value="98304" exp="0"/>
		</polynomial>
	      </byte_amount>
	    </send>
	    <next_state value="READY"/>
	  </exec_count>
	</trigger>
      </task>

      <task name="Task10_se" id="10" class="general">
	<in_port id="23"/>
	<out_port id="24"/>
	<trigger>
	  <in_port id="23"/>
	  <exec_count>
	    <op_count>
	      <int_ops>
		<polynomial>
		  <param value="0" exp="0"/>
		</polynomial>
	      </int_ops>
	    </op_count>
	    <send out_id="24" prob="1">
	      <byte_amount>
		<polynomial>
		  <param value="65536" exp="0"/>
		</polynomial>
	      </byte_amount>
	    </send>
	    <next_state value="READY"/>
	  </exec_count>
	</trigger>
      </task>

      <task name="Task11_blend" id="11" class="general">
	<in_port id="25"/>
	<trigger>
	  <in_port id="25"/>
	  <exec_count>
	    <op_count>
	      <int_ops>
		<polynomial>
		  <param value="0" exp="0"/>
		</polynomial>
	      </int_ops>
	    </op_count>
	    <next_state value="READY"/>
	  </exec_count>
	</trigger>
      </task>

      <task_connection src="0" dst="1"/>
      <task_connection src="2" dst="3"/>
      <task_connection src="4" dst="5"/>
      <task_connection src="6" dst="7"/>
      <task_connection src="8" dst="9"/>
      <task_connection src="10" dst="11"/>
      <task_connection src="12" dst="13"/>
      <task_connection src="14" dst="15"/>
      <task_connection src="16" dst="17"/>
      <task_connection src="18" dst="19"/>
      <task_connection src="20" dst="21"/>
      <task_connection src="22" dst="23"/>
      <task_connection src="24" dst="25"/>
      <task_connection src="26" dst="27"/>
      
      <event_list>
	<event out_port_id="26" amount="1" trigger_type="periodic" 
	       name="TriggeringInput" id="12" time="0.0009765625" prob="1"/>
      </event_list>

    </task_graph>
    
  </application>

  
  <!-- ************************************************************* -->
  <!-- * MAPPING                                                   * -->
  <!-- ************************************************************* -->


  <mapping>

    <resource name="r_in" id="0" contents="mutable">
      <group position="movable" name="g0" id="0" contents="mutable">
	<task position="movable" name="Task0_in" id="0"/>
      </group>
    </resource>

    <resource name="r_nr" id="1" contents="mutable">
      <group position="movable" name="g1" id="1" contents="mutable">
	<task position="movable" name="Task1_nr" id="1"/>
      </group>
    </resource>

    <resource name="r_mem1" id="2" contents="mutable">
      <group position="movable" name="g2" id="2" contents="mutable">
	<task position="movable" name="Task2_mem1" id="2"/>
      </group>
    </resource>

    <resource name="r_vs" id="3" contents="mutable">
      <group position="movable" name="g3" id="3" contents="mutable">
	<task position="movable" name="Task3_vs" id="3"/>
      </group>
    </resource>

    <resource name="r_hs" id="4" contents="mutable">
      <group position="movable" name="g4" id="4" contents="mutable">
	<task position="movable" name="Task4_hs" id="4"/>
      </group>
    </resource>

    <resource name="r_mem2" id="5" contents="mutable">
      <group position="movable" name="g5" id="5" contents="mutable">
	<task position="movable" name="Task5_mem2" id="5"/>
      </group>
    </resource>

    <resource name="r_hvs" id="6" contents="mutable">
      <group position="movable" name="g6" id="6" contents="mutable">
	<task position="movable" name="Task6_hvs" id="6"/>
      </group>
    </resource>

    <resource name="r_jug1" id="7" contents="mutable">
      <group position="movable" name="g7" id="7" contents="mutable">
	<task position="movable" name="Task7_jug1" id="7"/>
      </group>
    </resource>

    <resource name="r_mem3" id="8" contents="mutable">
      <group position="movable" name="g8" id="8" contents="mutable">
	<task position="movable" name="Task8_mem3" id="8"/>
      </group>
    </resource>

    <resource name="r_jug2" id="9" contents="mutable">
      <group position="movable" name="g9" id="9" contents="mutable">
	<task position="movable" name="Task9_jug2" id="9"/>
      </group>
    </resource>

    <resource name="r_se" id="10" contents="mutable">
      <group position="movable" name="g10" id="10" contents="mutable">
	<task position="movable" name="Task10_se" id="10"/>
      </group>
    </resource>

    <resource name="r_blend" id="11" contents="mutable">
      <group position="movable" name="g11" id="11" contents="mutable">
	<task position="movable" name="Task11_blend" id="11"/>
      </group>
    </resource>

  </mapping>

  
  <!-- ************************************************************* -->
  <!-- * PLATFORM                                                  * -->
  <!-- ************************************************************* -->

  
  <platform> 
    <resource_list>

      <resource id="0" name="r_in" frequency="100" type="Generic_Processor">
	<port terminal="0"/>
      </resource>

      <resource id="1" name="r_nr" frequency="100" type="Generic_Processor">
	<port terminal="1"/>
      </resource>

      <resource id="2" name="r_mem1" frequency="100" type="Generic_Processor">
	<port terminal="2"/>
      </resource>

      <resource id="3" name="r_vs" frequency="100" type="Generic_Processor">
	<port terminal="3"/>
      </resource>

      <resource id="4" name="r_hs" frequency="100" type="Generic_Processor">
	<port terminal="4"/>
      </resource>

      <resource id="5" name="r_mem2" frequency="100" type="Generic_Processor">
	<port terminal="5"/>
      </resource>

      <resource id="6" name="r_hvs" frequency="100" type="Generic_Processor">
	<port terminal="6"/>
      </resource>

      <resource id="7" name="r_jug1" frequency="100" type="Generic_Processor">
	<port terminal="7"/>
      </resource>

      <resource id="8" name="r_mem3" frequency="100" type="Generic_Processor">
	<port terminal="8"/>
      </resource>

      <resource id="9" name="r_jug2" frequency="100" type="Generic_Processor">
	<port terminal="9"/>
      </resource>

      <resource id="10" name="r_se" frequency="100" type="Generic_Processor">
	<port terminal="10"/>
      </resource>

      <resource id="11" name="r_blend" frequency="100" type="Generic_Processor">
	<port terminal="11"/>
      </resource>

    </resource_list>
    
    <noc type="hibi">

      <router_list> 
	<router width="32" id="0" name="Hibi_segment" frequency="300" type="Hibi_segment">
	  <port name="hibi_p0" id="0" type="Hibi_if" address="0x01000000"/>
	  <port name="hibi_p1" id="1" type="Hibi_if" address="0x02000000"/> 
	  <port name="hibi_p2" id="2" type="Hibi_if" address="0x03000000"/> 
	  <port name="hibi_p3" id="3" type="Hibi_if" address="0x04000000"/> 
	  <port name="hibi_p4" id="4" type="Hibi_if" address="0x05000000"/> 
	  <port name="hibi_p5" id="5" type="Hibi_if" address="0x06000000"/> 
	  <port name="hibi_p6" id="6" type="Hibi_if" address="0x07000000"/> 
	  <port name="hibi_p7" id="7" type="Hibi_if" address="0x08000000"/> 
	  <port name="hibi_p8" id="8" type="Hibi_if" address="0x09000000"/> 
	  <port name="hibi_p9" id="9" type="Hibi_if" address="0x01000000"/> 
	  <port name="hibi_p10" id="10" type="Hibi_if" address="0x01100000"/> 
	  <port name="hibi_p11" id="11" type="Hibi_if" address="0x01200000"/> 
	 </router>
      </router_list>
      
      <terminal_list>
	<connection port="0" router="0" name="hibi_p" id="0"/>
	<connection port="1" router="0" name="hibi_p" id="1"/>
	<connection port="2" router="0" name="hibi_p" id="2"/>
	<connection port="3" router="0" name="hibi_p" id="3"/>
	<connection port="4" router="0" name="hibi_p" id="4"/>
	<connection port="5" router="0" name="hibi_p" id="5"/>
	<connection port="6" router="0" name="hibi_p" id="6"/>
	<connection port="7" router="0" name="hibi_p" id="7"/>
	<connection port="8" router="0" name="hibi_p" id="8"/>
	<connection port="9" router="0" name="hibi_p" id="9"/>
	<connection port="10" router="0" name="hibi_p" id="10"/>
	<connection port="11" router="0" name="hibi_p" id="11"/>
	<network_interface type="Hibi_if"/>
      </terminal_list>

    </noc>
  </platform>

</system>
