<?xml version='1.0'?>
<!DOCTYPE system_description>

<!-- 
     
-->

<system xmlns:xsi="http://www.w3.org/2001/XMLSchema-instance" 
	xsi:noNamespaceSchemaLocation="xsm_content_model.xsd">
  <xsm_version value="4"/>
  
  <application>
    <task_graph>
      
      <task name="Task0" id="0" class="general">
	<in_port id="5"/>
	<out_port id="0"/>
	<trigger>
	  <in_port id="5"/>
	  <exec_count>
	    <op_count>
	      <int_ops>
		<polynomial>
		  <param value="0" exp="0"/>
		</polynomial>
	      </int_ops>
	    </op_count>
	    <send out_id="0" prob="1">
	      <byte_amount>
		<polynomial>
		  <param value="1024" exp="0"/>
		</polynomial>
	      </byte_amount>
	    </send>
	    <next_state value="READY"/>
	  </exec_count>
	</trigger>
      </task>

      <task name="Task1" id="1" class="general">
	<in_port id="1"/>
	<out_port id="2"/>
	<trigger>
	  <in_port id="1"/>
	  <!-- 
	       Triggers 3 times out of 10. Doesn't trigger on first 5 inputs,
	       then trigger 3 times in a row, and again doesn't do a thing.
	    -->
	  <exec_count mod_period="10" min="5" max="7"> 
	    <op_count>
	      <int_ops>
		<polynomial>
		  <param value="0" exp="0"/>
		</polynomial>
	      </int_ops>
	    </op_count>
	    <send out_id="2" prob="1">
	      <byte_amount>
		<polynomial>
		  <param value="1024" exp="0"/>
		</polynomial>
	      </byte_amount>
	    </send>
	    <next_state value="READY"/>
	  </exec_count>
	  <exec_count> <!-- This default case is needed -->
	    <op_count>
	      <int_ops>
		<polynomial>
		  <param value="0" exp="0"/>
		</polynomial>
	      </int_ops>
	    </op_count>
	    <next_state value="READY"/>
	  </exec_count>
	</trigger>
      </task>

      <task name="Task2" id="2" class="general">
	<in_port id="3"/>
	<trigger>
	  <in_port id="3"/>
	  <exec_count>
	    <op_count>
	      <int_ops>
		<polynomial>
		  <param value="0" exp="0"/>
		</polynomial>
	      </int_ops>
	    </op_count>
	    <next_state value="READY"/>
	  </exec_count>
	</trigger>
      </task>

      <task_connection src="0" dst="1"/>
      <task_connection src="2" dst="3"/>
      <task_connection src="4" dst="5"/>
      
      <event_list>
	<event out_port_id="4" amount="1" trigger_type="periodic" 
	       name="TriggeringInput" id="3" time="0.0009765625" prob="1"/>
      </event_list>

    </task_graph>
    
  </application>

  
  <!-- ************************************************************* -->
  <!-- * MAPPING                                                   * -->
  <!-- ************************************************************* -->


  <mapping>

    <resource name="r0" id="0" contents="mutable">
      <sw_platform position="movable" id="0" contents="mutable">
	<group position="movable" name="g0" id="0" contents="mutable">

	  <task position="movable" name="Task0" id="0"/>

	</group>
      </sw_platform>
    </resource>

    <resource name="r1" id="1" contents="mutable">
      <sw_platform position="movable" id="1" contents="mutable">
	<group position="movable" name="g1" id="1" contents="mutable">

	  <task position="movable" name="Task1" id="1"/>

	</group>
      </sw_platform>
    </resource>

    <resource name="r2" id="2" contents="mutable">
      <sw_platform position="movable" id="2" contents="mutable">
	<group position="movable" name="g2" id="2" contents="mutable">

	  <task position="movable" name="Task2" id="2"/>

	</group>
      </sw_platform>
    </resource>

  </mapping>

  
  <!-- ************************************************************* -->
  <!-- * PLATFORM                                                  * -->
  <!-- ************************************************************* -->

  
  <platform> 
    <resource_list>

      <resource id="0" name="r0" frequency="100" type="Generic_Processor">
	<port terminal="0"/>
      </resource>

      <resource id="1" name="r1" frequency="100" type="Generic_Processor">
	<port terminal="1"/>
      </resource>

      <resource id="2" name="r2" frequency="100" type="Generic_Processor">
	<port terminal="2"/>
      </resource>

    </resource_list>
    
    <noc type="hibi">

      <router_list> 
	<router width="32" id="0" name="Hibi_segment" frequency="25" type="Hibi_segment">
	  <port name="hibi_p0" id="0" type="Hibi_if" address="0x01000000"/>
	  <port name="hibi_p1" id="1" type="Hibi_if" address="0x02000000"/>
	  <port name="hibi_p2" id="2" type="Hibi_if" address="0x03000000"/>
	 </router>
      </router_list>
      
      <terminal_list>
	<connection port="0" router="0" name="hibi_p" id="0"/>
	<connection port="1" router="0" name="hibi_p" id="1"/>
	<connection port="2" router="0" name="hibi_p" id="2"/>
	<network_interface type="Hibi_if"/>
      </terminal_list>

    </noc>
  </platform>

</system>
