<?xml version='1.0'?>
<!DOCTYPE system_description>


<system xmlns:xsi="http://www.w3.org/2001/XMLSchema-instance" 
	xsi:noNamespaceSchemaLocation="xsm_content_model.xsd">
  <xsm_version value="4"/>
  
  <application>
    <task_graph>
      
      <task name="Task0" id="0" class="general">
	<in_port id="7"/>
	<out_port id="0"/>
	<trigger>
	  <in_port id="7"/>
	  <exec_count>
	    <op_count>
	      <int_ops>
		<polynomial>
		  <param value="0" exp="0"/>
		</polynomial>
	      </int_ops>
	    </op_count>
	    <send out_id="0" prob="1">
	      <byte_amount>
		<polynomial>
		  <param value="1048576" exp="0"/>
		</polynomial>
	      </byte_amount>
	    </send>
	    <next_state value="READY"/>
	  </exec_count>
	</trigger>
      </task>

      <task name="Task1" id="1" class="general">
	<in_port id="9"/>
	<out_port id="2"/>
	<trigger>
	  <in_port id="9"/>
	  <exec_count>
	    <op_count>
	      <int_ops>
		<polynomial>
		  <param value="0" exp="0"/>
		</polynomial>
	      </int_ops>
	    </op_count>
	    <send out_id="2" prob="1">
	      <byte_amount>
		<polynomial>
		  <param value="1048576" exp="0"/>
		</polynomial>
	      </byte_amount>
	    </send>
	    <next_state value="READY"/>
	  </exec_count>
	</trigger>
      </task>

      <task name="Task2" id="2" class="general">
	<in_port id="1"/>
	<in_port id="3"/>
	<out_port id="4"/>
	<out_port id="10"/>

	<trigger>
	  <in_port id="1"/>
	  <exec_count mod_period="10" mod_phase="1">
	    <op_count>
	      <int_ops>
		<polynomial>
		  <param value="0" exp="0"/>
		</polynomial>
	      </int_ops>
	    </op_count>
	    <send out_id="4" prob="1">
	      <byte_amount>
		<polynomial>
		  <param value="1048576" exp="0"/>
		</polynomial>
	      </byte_amount>
	    </send>	    
	    <next_state value="READY"/>
	  </exec_count>
	  <exec_count> <!-- This default case is needed -->
	    <op_count>
	      <int_ops>
		<polynomial>
		  <param value="0" exp="0"/>
		</polynomial>
	      </int_ops>
	    </op_count>
	    <next_state value="READY"/>
	  </exec_count>
	</trigger>

	<trigger> <!-- second trigger -->
	  <in_port id="3"/>
	  <exec_count mod_period="2" mod_phase="1"> 
	    <op_count>
	      <int_ops>
		<polynomial>
		  <param value="0" exp="0"/>
		</polynomial>
	      </int_ops>
	    </op_count>
	    <send out_id="10" prob="1">
	      <byte_amount>
		<polynomial>
		  <param value="1048576" exp="0"/>
		</polynomial>
	      </byte_amount>
	    </send>	    
	    <next_state value="READY"/>
	  </exec_count>
	  <exec_count> <!-- This default case is needed -->
	    <op_count>
	      <int_ops>
		<polynomial>
		  <param value="0" exp="0"/>
		</polynomial>
	      </int_ops>
	    </op_count>
	    <next_state value="READY"/>
	  </exec_count>
	</trigger>

      </task>

      <task name="Task3" id="3" class="general">
	<in_port id="5"/>
	<trigger>
	  <in_port id="5"/>
	  <exec_count>
	    <op_count>
	      <int_ops>
		<polynomial>
		  <param value="0" exp="0"/>
		</polynomial>
	      </int_ops>
	    </op_count>
	    <next_state value="READY"/>
	  </exec_count>
	</trigger>
      </task>

      <task name="Task4" id="4" class="general">
	<in_port id="11"/>
	<trigger>
	  <in_port id="11"/>
	  <exec_count>
	    <op_count>
	      <int_ops>
		<polynomial>
		  <param value="0" exp="0"/>
		</polynomial>
	      </int_ops>
	    </op_count>
	    <next_state value="READY"/>
	  </exec_count>
	</trigger>
      </task>

      <task_connection src="0" dst="1"/>
      <task_connection src="2" dst="3"/>
      <task_connection src="4" dst="5"/>
      <task_connection src="6" dst="7"/>
      <task_connection src="8" dst="9"/>
      <task_connection src="10" dst="11"/>

      
      <event_list>
	<event out_port_id="6" amount="1" trigger_type="periodic" 
	       name="TriggeringInput" id="4" time="0.1" prob="1"/>
	<event out_port_id="8" amount="1" trigger_type="periodic" 
	       name="TriggeringInput" id="5" time="0.05" prob="1"/>
      </event_list>

    </task_graph>
    
  </application>

  
  <!-- ************************************************************* -->
  <!-- * MAPPING                                                   * -->
  <!-- ************************************************************* -->


  <mapping>

    <resource name="cpu1" id="1" contents="mutable">
      <sw_platform position="movable" id="0" contents="mutable">
	<group position="movable" name="g1" id="0" contents="mutable">

	  <task position="movable" name="Task0" id="0"/>

	</group>
      </sw_platform>
    </resource>

    <resource name="cpu2" id="2" contents="mutable">
      <sw_platform position="movable" id="1" contents="mutable">
	<group position="movable" name="g2" id="1" contents="mutable">

	  <task position="movable" name="Task1" id="1"/>

	</group>
      </sw_platform>
    </resource>

    <resource name="cpu3" id="3" contents="mutable">
      <sw_platform position="movable" id="2" contents="mutable">
	<group position="movable" name="g3" id="2" contents="mutable">

	  <task position="movable" name="Task2" id="2"/>

	</group>
      </sw_platform>
    </resource>

    <resource name="cpu4" id="4" contents="mutable">
      <sw_platform position="movable" id="3" contents="mutable">
	<group position="movable" name="g4" id="3" contents="mutable">

	  <task position="movable" name="Task3" id="3"/>

	</group>
      </sw_platform>
    </resource>

  </mapping>

  
  <!-- ************************************************************* -->
  <!-- * PLATFORM                                                  * -->
  <!-- ************************************************************* -->

  
  <platform> 
    <resource_list>

      <resource id="1" name="cpu1" frequency="100" type="Generic_Processor">
	<port terminal="0"/>
      </resource>

      <resource id="2" name="cpu2" frequency="100" type="Generic_Processor">
	<port terminal="1"/>
      </resource>

      <resource id="3" name="cpu3" frequency="100" type="Generic_Processor">
	<port terminal="2"/>
      </resource>

      <resource id="4" name="cpu4" frequency="100" type="Generic_Processor">
	<port terminal="3"/>
      </resource>

    </resource_list>
    
    <noc type="hibi">

      <router_list> 
	<router width="32" id="0" name="Hibi_segment" frequency="25" type="Hibi_segment">
	  <port name="hibi_p1" id="0" type="Hibi_if" address="0x01000000"/>
	  <port name="hibi_p2" id="1" type="Hibi_if" address="0x02000000"/> 
	  <port name="hibi_p3" id="2" type="Hibi_if" address="0x03000000"/>
	  <port name="hibi_p4" id="3" type="Hibi_if" address="0x04000000"/> 
	 </router>
      </router_list>
      
      <terminal_list>
	<connection port="0" router="0" name="hibi_p" id="0"/>
	<connection port="1" router="0" name="hibi_p" id="1"/>
	<connection port="2" router="0" name="hibi_p" id="2"/>
	<connection port="3" router="0" name="hibi_p" id="3"/>
	<network_interface type="Hibi_if"/>
      </terminal_list>

    </noc>
  </platform>

</system>
