<?xml version="1.0" encoding="UTF-8" standalone="yes"?>
<UIConfig>
    <MainWindow>
        <WindowSize x="1601" y="600"/>
    </MainWindow>
    <ControlView autoActivateState="true">
        <configuration>
            <cpu visible_chart="0" id="1" name="CPU1">
                <thread id="0" name="thread_0" priority="0">
                    <process id="3" name="PreProcessing2"/>
                    <process id="4" name="MotionEstimation"/>
                    <process id="10" name="IDCT"/>
                </thread>
                <Chart yaxisTitle="" automaticScaling="true" chartTitle="Processor utilization" typeID="0" length="100.0" xaxisTitle="" minValue="0.0" logged="false" maxValue="0.0" graphID="0"/>
            </cpu>
            <cpu visible_chart="0" id="2" name="CPU2">
                <thread id="1" name="thread_1" priority="0">
                    <process id="2" name="VLC"/>
                    <process id="5" name="DCT"/>
                    <process id="6" name="Quantization"/>
                    <process id="9" name="Rescaling"/>
                    <process id="12" name="VLCDecoding"/>
                </thread>
                <Chart yaxisTitle="" automaticScaling="true" chartTitle="Processor utilization" typeID="0" length="100.0" xaxisTitle="" minValue="0.0" logged="false" maxValue="0.0" graphID="0"/>
            </cpu>
            <cpu visible_chart="0" id="3" name="CPU3">
                <thread id="2" name="thread_2" priority="0">
                    <process id="8" name="MBtoFrame"/>
                    <process id="11" name="MotionCompansation"/>
                    <process id="13" name="WebClient"/>
                </thread>
                <Chart yaxisTitle="" automaticScaling="true" chartTitle="Processor utilization" typeID="0" length="100.0" xaxisTitle="" minValue="0.0" logged="false" maxValue="0.0" graphID="0"/>
            </cpu>
        </configuration>
    </ControlView>
    <MonitorView>
        <Window type="debug">
            <WindowLocation x="0" y="0"/>
            <WindowSize x="200" y="300"/>
        </Window>
        <Window type="chart">
            <WindowLocation x="291" y="49"/>
            <WindowSize x="432" y="266"/>
            <Chart yaxisTitle="" automaticScaling="true" chartTitle="Frame rate (VLC)" typeID="0" length="100.0" xaxisTitle="" minValue="0.0" logged="false" maxValue="0.0" graphID="15"/>
        </Window>
        <Window type="chart">
            <WindowLocation x="785" y="73"/>
            <WindowSize x="624" y="266"/>
            <Chart yaxisTitle="" automaticScaling="true" chartTitle="Frame rate (MBtoFrame)" typeID="0" length="100.0" xaxisTitle="" minValue="0.0" logged="false" maxValue="0.0" graphID="16"/>
        </Window>
    </MonitorView>
</UIConfig>

