<?xml version='1.0'?>
<!DOCTYPE system_description>

<!-- ************************************************************************** -->
<!-- VideoCodec_with_web_browser testbench for renamed koski xsm file structure -->
<!-- Author: LM                                                                 -->
<!-- Mod:    23.7.2009                                                          -->
<!-- ************************************************************************** -->

<system xmlns:xsi="http://www.w3.org/2001/XMLSchema-instance" 
	xsi:noNamespaceSchemaLocation="C:/koski/lib/UML_PA~1/../../koskigui/XSM_CO~1.XSD">
  <xsm_version value="4"/>
  
  <application>
    <task_graph>

      
      <task name="PreProcessing" id="5" class="general" >
	<in_port id="9"/>
	<in_port id="23"/>
	<out_port id="19"/>
	<out_port id="22"/>
	<trigger dependence_type="or">
	  <in_port id="9"/>
	  <in_port id="23"/>
	  <exec_count min="0" max="328" mod_period="330">
	    <op_count>
	      <int_ops>
		<polynomial>
		  <param value="0" exp="0"/>
		</polynomial>
	      </int_ops>
	    </op_count>
	    <send out_id="19" prob="1">
	      <byte_amount>
		<polynomial>
		  <param value="384" exp="0"/>
		</polynomial>
	      </byte_amount>
	    </send>
	    <send out_id="22" prob="1">
	      <byte_amount>
		<polynomial>
		  <param value="1" exp="0"/>
		</polynomial>
	      </byte_amount>
	    </send>
	    <next_state value="READY"/>
	  </exec_count>
	  <exec_count>
	    <op_count>
	      <int_ops>
		<polynomial>
		   <param value="56764" exp="0"/>
		</polynomial>
	      </int_ops>
	    </op_count>
	    <send out_id="19" prob="1">
	      <byte_amount>
		<polynomial>
		  <param value="384" exp="0"/>
		</polynomial>
	      </byte_amount>
	    </send>
	    <next_state value="READY"/>
	  </exec_count>
	 </trigger>
      </task>  
      
      
      <task  name="MotionEstimation" id="4" class="general">
	<in_port id="18"/>
	<out_port id="3"/>
	<trigger>
	  <in_port id="18"/>
	  <exec_count>
	    <op_count>
	      <int_ops>
		<polynomial>
		  <param value="29231" exp="0"/>
		</polynomial>
	      </int_ops>
	    </op_count>
	    <send out_id="3" prob="1">
	      <byte_amount>
		<polynomial>
		  <param value="384" exp="0"/>
		</polynomial>
	      </byte_amount>
	    </send>
	    <next_state value="READY"/>
	  </exec_count>
	</trigger>
      </task>


      <task name="dct" id="0" class="general">
	<in_port id="2"/>
	<out_port id="0"/>
	<trigger>
	  <in_port id="2"/>
	  <exec_count>
	    <op_count>
	      <int_ops>
		<polynomial>
		  <param value="13571" exp="0"/>
		</polynomial>
	      </int_ops>
	    </op_count>
	    <send out_id="0" prob="1">
	      <byte_amount>
		<polynomial>
		  <param value="384" exp="0"/>
		</polynomial>
	      </byte_amount>
	    </send>
	    <next_state value="READY"/>
	  </exec_count>
	</trigger>
      </task>
      
      <task  name="quantization" id="1" class="general">
	<in_port id="1"/>
	<out_port id="4"/>
	<trigger>
	  <in_port id="1"/>
	  <exec_count>
	    <op_count>
	      <int_ops>
		<polynomial>
		  <param value="9694" exp="0"/>
		</polynomial>
	      </int_ops>
	    </op_count>
	    <send out_id="4" prob="1">
	      <byte_amount>
		 <polynomial>
		   <param value="384" exp="0"/>
		 </polynomial>
	      </byte_amount>
	    </send>
	    <next_state value="READY"/>
	  </exec_count>
	 </trigger>
      </task>
      
      <task  name="VLC" id="2" class="general">
	<in_port id="5"/>
	<out_port id="6"/>
	<trigger>
	   <in_port id="5"/>
	   <exec_count min="0" max="328" mod_period="330">
	     <op_count>
	       <int_ops>
		 <polynomial>
		   <param value="11889" exp="0"/>
		 </polynomial>
	       </int_ops>
	     </op_count>
	     <next_state value="READY"/>
	   </exec_count>
	   <exec_count>
	     <op_count>
	       <int_ops>
		 <polynomial>
		   <param value="11889" exp="0"/>
		 </polynomial>
	       </int_ops>
	     </op_count>
	     <send out_id="6" prob="1">
	       <byte_amount>
		 <polynomial>
		   <param value="2640" exp="0"/>
		 </polynomial>
	       </byte_amount>
	     </send>
	     <next_state value="READY"/>
	   </exec_count>
	</trigger>
      </task>
      
            
      <task  name="VLCDecoding" id="9" class="general">
	<in_port id="7"/>
	<in_port id="21"/>
	<out_port id="11"/>
	<out_port id="20"/>
	<trigger dependence_type="or">
	  <in_port id="7"/>
	  <in_port id="21"/>
	  <exec_count min="0" max="328" mod_period="330">
	    <op_count>
	      <int_ops>
		<polynomial>
		  <param value="0" exp="0"/>
		</polynomial>
	      </int_ops>
	    </op_count>
	    <send out_id="11" prob="1">
	      <byte_amount>
		<polynomial>
		  <param value="384" exp="0"/>
		</polynomial>
	      </byte_amount>
	    </send>
	    <send out_id="20" prob="1">
	      <byte_amount>
		<polynomial>
		  <param value="1" exp="0"/>
		</polynomial>
	      </byte_amount>
	    </send>
	    <next_state value="READY"/>
	  </exec_count>
	  <exec_count>
	    <op_count>
	      <int_ops>
		<polynomial>
		  <param value="61576" exp="0"/>
		</polynomial>
	      </int_ops>
	    </op_count>
	    <send out_id="11" prob="1">
	      <byte_amount>
		<polynomial>
		  <param value="384" exp="0"/>
		</polynomial>
	      </byte_amount>
	    </send>
	    <next_state value="READY"/>
	  </exec_count>
	</trigger>
      </task>  

       
      <task  name="Rescaling" id="6" class="general">
	<in_port id="10"/>
	<out_port id="12"/>
	<trigger>
	  <in_port id="10"/>
	  <exec_count>
	    <op_count>
	      <int_ops>
		<polynomial>
		  <param value="4938" exp="0"/>
		</polynomial>
	      </int_ops>
	    </op_count>
	    <send out_id="12" prob="1">
	      <byte_amount>
		<polynomial>
		  <param value="384" exp="0"/>
		</polynomial>
	      </byte_amount>
	    </send>
	    <next_state value="READY"/>
	  </exec_count>
	</trigger>
      </task>
      

      <task  name="IDCT" id="7" class="general">
	<in_port id="13"/>
	<out_port id="14"/>
	<trigger>
	  <in_port id="13"/>
	  <exec_count>
	    <op_count>
	      <int_ops>
		<polynomial>
		  <param value="15184" exp="0"/>
		</polynomial>
	      </int_ops>
	    </op_count>
	    <send out_id="14" prob="1">
	      <byte_amount>
		<polynomial>
		  <param value="384" exp="0"/>
		</polynomial>
	      </byte_amount>
	    </send>
	    <next_state value="READY"/>
	  </exec_count>
	</trigger>
      </task>

      
      <task  name="MotionCompensation" id="10" class="general">
	<in_port id="15"/>
	<out_port id="17"/>
	<trigger>
	  <in_port id="15"/>
	  <exec_count>
	    <op_count>
	      <int_ops>
		<polynomial>
		  <param value="4222" exp="0"/>
		</polynomial>
	      </int_ops>
	    </op_count>
	    <send out_id="17" prob="1">
	      <byte_amount>
		<polynomial>
		  <param value="384" exp="0"/>
		</polynomial>
	      </byte_amount>
	    </send>
	    <next_state value="READY"/>
	  </exec_count>
	</trigger>
      </task> 

      
      <task  name="MBtoFrame" id="8" class="general">
	<in_port id="16"/>
	<trigger>
	  <in_port id="16"/>
	  <exec_count>
	    <op_count>
	      <int_ops>
		<polynomial>
		  <param value="5440" exp="0"/>
		</polynomial>
	      </int_ops>
	    </op_count>
	    <next_state value="READY"/>
	  </exec_count>
	</trigger>
      </task>

      <!-- comment next tag out if you want to remove WebClient -->      
      <task name="WebClient" id="3" class="general">
	<in_port id="24"/>
	<trigger>
	  <in_port id="24"/>
	  <exec_count>
	    <op_count>
	      <int_ops>
		<polynomial>
		  <param value="120000" exp="0"/>
		</polynomial>
	      </int_ops>
	    </op_count>
	    <next_state value="READY"/>
	  </exec_count>
	</trigger>
      </task>
 

      <task_connection src="3" dst="2"/>
      <task_connection src="4" dst="5"/>
      <task_connection src="8" dst="9"/>
      <task_connection src="12" dst="13"/>
      <task_connection src="19" dst="18"/>
      <task_connection src="0" dst="1"/>
      <task_connection src="11" dst="10"/>
      <task_connection src="22" dst="23"/>
      <task_connection src="17" dst="16"/>
      <task_connection src="6" dst="7"/>
      <task_connection src="20" dst="21"/>
      <task_connection src="14" dst="15"/>
      <!-- comment next tag out if you want to remove WebClient -->
      <task_connection src="25" dst="24"/>
      

      <event_list>
	<event out_port_id="8" amount="1" trigger_type="periodic" 
	       name="VideoInput" id="11" time="0.0285714285714" prob="1"/>
	<!-- comment next tag out if you want to remove WebClient -->
	<event out_port_id="25" amount="1" trigger_type="periodic" 
	       name="WebTrafficInput" id="12" time="0.00025" prob="0.75"/>
      </event_list>

    </task_graph>
    
  </application>

  
  <!-- ************************************************************* -->
  <!-- * MAPPING                                                   * -->
  <!-- ************************************************************* -->


  <mapping>

    <resource name="cpu1" id="1" contents="mutable">
      <sw_platform position="movable" id="0" contents="mutable">
	<group position="movable" name="g1" id="0" contents="mutable">

	  <task position="movable" name="MotionEstimation"   id="4"/>
	  <task position="movable" name="VLCDecoding"        id="9"/>

	</group>
      </sw_platform>
    </resource>

    <resource name="cpu2" id="2" contents="mutable">
      <sw_platform position="movable" id="1" contents="mutable">
	<group position="movable" name="g2" id="1" contents="mutable">

	  <task position="movable" name="PreProcessing"      id="5"/>
	  <task position="movable" name="dct"                id="0"/>
	  <task position="movable" name="quantization"       id="1"/>
	  <task position="movable" name="VLC"                id="2"/>

	</group>
      </sw_platform>
    </resource>

    <resource name="cpu3" id="3" contents="mutable">
      <sw_platform position="movable" id="2" contents="mutable">
	<group position="movable" name="g3" id="2" contents="mutable">

	  <task position="movable" name="Rescaling"          id="6"/>
	  <task position="movable" name="IDCT"               id="7"/>
	  <task position="movable" name="MotionCompensation" id="10"/>
	  <task position="movable" name="MBtoFrame"          id="8"/>
	  <!-- comment next tag out if you want to remove WebClient -->
	  <task position="movable" name="WebClient"          id="3"/>

	</group>
      </sw_platform>
    </resource>

  </mapping>

  
  <!-- ************************************************************* -->
  <!-- * PLATFORM                                                  * -->
  <!-- ************************************************************* -->

  
  <platform> 
    <resource_list>

      <resource id="1" name="cpu1" frequency="300" type="Generic_Processor">
	<port terminal="0"/>
      </resource>

      <resource id="2" name="cpu2" frequency="400" type="Generic_Processor">
	<port terminal="1"/>
      </resource>

      <resource id="3" name="cpu3" frequency="500" type="Generic_Processor">
	<port terminal="2"/>
      </resource>

    </resource_list>
    
    <noc type="hibi">

      <router_list> 
	<router width="32" id="0" name="Hibi_segment" frequency="20" type="Hibi_segment">
	  <port name="hibi_p1" id="0" type="Hibi_if" address="0x01000000"/>
	  <port name="hibi_p2" id="1" type="Hibi_if" address="0x03000000"/> 
 	  <port name="hibi_p3" id="2" type="Hibi_if" address="0x05000000"/>
	 </router>
      </router_list>
      
      <terminal_list>
	<connection port="0" router="0" name="hibi_p" id="0"/>
	<connection port="1" router="0" name="hibi_p" id="1"/>
	<connection port="2" router="0" name="hibi_p" id="2"/>
	<network_interface type="Hibi_if"/>
      </terminal_list>

    </noc>
  </platform>

</system>
