<?xml version="1.0" encoding="UTF-8" standalone="yes"?>

<!-- 
     This a list of possible custom graphs that can be added to graph
     tab.  These appear to pop-up menu (GraphCreationDialog.java)
     opened with right-mouse button.

     Name is just for printing and statistics must use the ID number.
     All IDs must be unique (and they are actually strings in
     ExecMon).

     CpuGraphs must be listed before others. Both lists must have at
     least 1 graph.

-->

<SystemConfig>

	<SupportedCpuGraphs>
		<Graph id="0" name="Resource utilization" />
		<Graph id="1" name="Inter-PE transmit" />
		<Graph id="2" name="Inter-PE receive" />
		<Graph id="3" name="Allocated memory" />
		<Graph id="4" name="SW platform load" />
	</SupportedCpuGraphs>


	<SupportedGraphs>
		<Graph id="10" name="HIBI Utilization" />
		<Graph id="11" name="Cost value" />
		<Graph id="12" name="Frame rate (VLC)" />
		<Graph id="13" name="Frame rate (MBtoFrame)" />
		<Graph id="14" name="Encoding Rate" />
	</SupportedGraphs>

</SystemConfig>
