  <constraints>
    <!-- Define network-on-chip (topology) and its model type
	 NoCs:  <class> : <types>
	     mesh_2d    : sc_tlm_1, sc_rtl_1, sc_rtl_2, vhd
	     simple_bus : sc_tlm_1
    -->
    <noc class="mesh_2d" type="sc_rtl_1" subtype="2x2"/>


    <!-- Seed for random number generator. Comment out for random seed -->
    <rng_seed       value="42"/>
    
    <!-- Used in standalone mode, not with e.g. Modelsim -->
    <sim_resolution time="1.0"   unit="fs"/>
    <sim_length     time="100.0"   unit="ms"/>
    
    <!-- Interval between measurements 
	 (both averages and snapshots) -->
    <measurements   time="2.0"  unit="ms"/>   
    
    <!-- Path to PE lib file -->
    <pe_lib         file="examples/pe_lib.xml"/>

    <!-- Paths to log files. Comment out to disable logging -->
    <!--log_packet      file="log_packet.csv"/-->
    <log_exec_mon    file="log_execmon.csv"/>
    <log_token       file="log_token.csv"/>
    <log_summary     file="log_summary.csv"/>
    <log_pe          file="log_pe.csv"/>
    <log_app         file="log_app.csv"/>


    <!-- These things are measured during execution:                    -->
    <!--  ec_x = event x activations, tc_x = task x activations         --> 
    <!--  tc_tot = sum of all tc's, pf = PE freq, pu = PE utilization % --> 
    <!--  pu_avg =average of all utilizations                           --> 
    <!--  lat_src_dst = latency for a data token from port to another   -->
    <!-- Simple arithmetic on parameters is supported.                  -->
    <cost_function   func="ec_1"/>
    <cost_function   func="ec_2"/>
    <cost_function   func="tc_1"/>
    <cost_function   func="tc_2"/>
    <cost_function   func="tc_3"/>
    <cost_function   func="tc_4"/>
    <cost_function   func="tc_tot"/>    
    <cost_function   func="pf_0"/>
    <cost_function   func="pu_0*100"/>
    <cost_function   func="pf_1"/>
    <cost_function   func="pu_1*100"/>
    <cost_function   func="pf_2"/>
    <cost_function   func="pu_2*100"/>
    <cost_function   func="pf_3"/>
    <cost_function   func="pu_3*100"/>
    <cost_function   func="pu_avg*100"/>  
    <cost_function   func="lat_25_31_avg"/>  

  </constraints>
