<mapping>
  
  <resource name="cpu1" id="0">
    <group name="g1" id="0">
      
      <!--  Assing task 1 to cpu1  -->
      <task name="SendOnce" id="1"/>  	  
      
    </group>
  </resource>

  <resource name="cpu2" id="1">
    <group name="g2" id="1">

      <!--  Assing task 2 to cpu2  -->
      <task name="SendPeriodically" id="2"/>
      
    </group>
  </resource>
  
  <resource name="cpu3" id="2">
    <group name="g3" id="2">
      
      <!--  Assing task 3 to cpu3  -->
      <task name="ForwardData" id="3"/>
      
    </group>
  </resource>
  
  <resource name="cpu4" id="3">
    <group name="g4" id="3">
      
      <!--  Assing task 4 to cpu4  -->
      <task name="DataProcessing" id="4"/>
      
    </group>
  </resource>
</mapping>
