  <!--  PLATFORM  -->
  <!-- Define what CPUs (and memories) are used -->  
  <platform> 

      <!-- Frequency in Megahertz -->
      <!-- packet and buffer sizes in bytes -->

      <resource id="0" name="cpu1" frequency="20" 
		type="CPU_TYPE_2" packet_size="16"
                tx_buffer_size="16" rx_buffer_size="160">
      </resource>
      
      <resource id="1" name="cpu2" frequency="20" 
		type="CPU_TYPE_2" packet_size="16"
                tx_buffer_size="16" rx_buffer_size="160">
      </resource>
      
      <resource id="2" name="cpu3" frequency="20" 
		type="CPU_TYPE_2" packet_size="16"
                tx_buffer_size="16" rx_buffer_size="160">
      </resource>
      
      <resource id="3" name="cpu4" frequency="20" 
		type="CPU_TYPE_2" packet_size="16"
                tx_buffer_size="16" rx_buffer_size="160">
      </resource>

    
  </platform>