      <!-- 3.task --> 
      <!-- This does 2 things depending what data arrives -->
      <task  name="ForwardData" id="3" class="general">
	<in_port id="30"/>
	<in_port id="31"/>
	<in_port id="32"/>
	<out_port id="35"/>

	<trigger>
	  <in_port id="31"/>
	  <exec_count>
	    <op_count>
	      <int_ops>
		<polynomial>
		  <param value="16384" exp="0"/>
		</polynomial>
	      </int_ops>
	    </op_count>
	    <send out_id="35" prob="1">
	      <byte_amount>
		<!-- Send 3x the received amount -->
		<polynomial>
		  <param value="3" exp="1"/>
		</polynomial>
	      </byte_amount>
	    </send>
	    <next_state value="READY"/>
	  </exec_count>
	</trigger>

	<!-- This gets triggered only when both inouts have received data -->
	<trigger dependence_type="and">
	  <in_port id="30"/>
	  <in_port id="31"/>
	  <exec_count>
	    <op_count>
	      <int_ops>
		<polynomial>
		  <param value="16384" exp="0"/>
		</polynomial>
	      </int_ops>
	    </op_count>
	    <send out_id="35" prob="1">
	      <byte_amount>
		<polynomial>
		  <param value="512" exp="0"/>
		</polynomial>
	      </byte_amount>
	    </send>
	    <next_state value="READY"/>
	  </exec_count>
	</trigger>
      </task>