      <!-- Tasks model the workload: operations and transfers -->
      <!-- 1.task -->
      <!-- This one is triggered by first event and hence only once--> 
      <task  name="SendOnce" id="1" class="general">

	<!-- Interface -->
	<in_port id="10"/>
	<out_port id="15"/>

	<!-- Workload  -->
	<trigger>
	  <!-- Condition: data in this port activates the task -->
	  <in_port id="10"/>

	  <!-- Always do the same operation (no attributes for exec_count)-->
	  <exec_count>
	    <!-- First, perform "computation"     -->
	    <op_count>
	      <int_ops>
		<polynomial>
		  <!-- Constant -->
		  <param value="1500000" exp="0"/>
		</polynomial>
	      </int_ops>
	    </op_count>

	    <!-- Second, send data     -->
	    <send out_id="15" prob="1">
	      <byte_amount>
		<polynomial>
		  <!-- Constant -->
		  <param value="1024" exp="0"/>
		</polynomial>
	      </byte_amount>
	    </send>

	    <!-- Third, wait for more input data  -->
	    <next_state value="READY"/>
	  </exec_count>
	</trigger>	
      </task>      
