     <!-- 2.task -->
     <!-- Compute and send identically on every activation -->
      <task  name="SendPeriodically" id="2" class="general">
	<in_port id="20"/>
	<out_port id="25"/>
	<trigger>
	  <in_port id="20"/>
	  <exec_count>
	    <op_count>
	      <mem_ops>
		<polynomial>
		  <param value="3000" exp="0"/>
		</polynomial>
	      </mem_ops>
	    </op_count>
	    <send out_id="25" prob="1">
	      <byte_amount>
		<polynomial>
		  <param value="16" exp="0"/>
		</polynomial>
	      </byte_amount>
	    </send>
	    <next_state value="READY"/>
	  </exec_count>
	</trigger>
      </task>