      <!-- 4.task -->
      <!-- Behavior depends on the execution count -->
      <task  name="DataProcessing" id="4" class="general">
	<in_port id="40"/>
	<out_port id="45"/>

	<trigger>
	  <in_port id="40"/>

	  <!-- Do this on every even exec_count, 0,2,4...-->
	  <exec_count mod_phase="0" mod_period="2">
	    <op_count>
	      <float_ops>
		<!-- Random amount -->
		<distribution>
		  <uniform min="16384" max="32769"/>
		</distribution>
	      </float_ops>
	      <mem_ops>
		<polynomial>
		  <param value="1500" exp="0"/>
		</polynomial>
	      </mem_ops>
	    </op_count>
	    <next_state value="READY"/>
	    <send out_id="45" prob="1">
	      <byte_amount>
		<polynomial>
		  <param value="16" exp="0"/>
		</polynomial>
	      </byte_amount>
	    </send>
	  </exec_count>

	  <!-- Do this on every odd exec_count, 1,3,5...-->
	  <exec_count mod_phase="1" mod_period="2">
	    <op_count>
	      <float_ops>
		<distribution>
		  <uniform min="1200" max="2600"/>
		</distribution>
	      </float_ops>
	    </op_count>
	    <next_state value="READY"/>
	    <send out_id="45"  prob="1">
	      <byte_amount>
		<polynomial>
		  <param value="8" exp="0"/>
		</polynomial>
	      </byte_amount>
	    </send>
	  </exec_count>
	</trigger>
      </task>
