<!-- Copyright (c) 2009 by Tampere University of Technology -->

<!-- This file is part of Traffic generator. -->

<!-- Traffic generator is free software: you can redistribute it and/or modify -->
<!-- it under the terms of the GNU Lesser General Public License as -->
<!-- published by the Free Software Foundation, either version 3 of -->
<!-- the License, or (at your option) any later version. -->

<!-- Traffic generator is distributed in the hope that it will be useful, -->
<!-- but WITHOUT ANY WARRANTY; without even the implied warranty of -->
<!-- MERCHANTABILITY or FITNESS FOR A PARTICULAR PURPOSE.  See the -->
<!-- GNU Lesser General Public License for more details. -->

<!-- You should have received a copy of the GNU Lesser General Public -->
<!-- License along with Traffic generator. -->
<!-- If not, see http://www.gnu.org/licenses/. -->

<?xml version="1.0" ?>
<spirit:component xmlns:spirit="http://www.spiritconsortium.org/XMLSchema/SPIRIT/1.2" xmlns:xsi="http://www.w3.org/2001/XMLSchema-instance">
	<spirit:vendor>TUT</spirit:vendor>
	<spirit:library>Koski</spirit:library>
	<spirit:name>tg_top_for_hibi</spirit:name>
	<spirit:version>1</spirit:version>
	<spirit:busInterfaces>
		<spirit:busInterface>
			<spirit:name>
				hibi_p
			</spirit:name>
			<spirit:busType spirit:library="Koski" spirit:name="Hibi_if" spirit:vendor="TUT" spirit:version="4"/>
			<spirit:master/>
			<spirit:signalMap>
				<spirit:signalName>
					<spirit:componentSignalName>
						wr_comm_out
					</spirit:componentSignalName>
					<spirit:busSignalName>
						COMM_FROM_IP
					</spirit:busSignalName>
				</spirit:signalName>
				<spirit:signalName>
					<spirit:componentSignalName>
						wr_data_out
					</spirit:componentSignalName>
					<spirit:busSignalName>
						DATA_FROM_IP
					</spirit:busSignalName>
				</spirit:signalName>
				<spirit:signalName>
					<spirit:componentSignalName>
						wr_av_out
					</spirit:componentSignalName>
					<spirit:busSignalName>
						AV_FROM_IP
					</spirit:busSignalName>
				</spirit:signalName>
				<spirit:signalName>
					<spirit:componentSignalName>
						wr_we_out
					</spirit:componentSignalName>
					<spirit:busSignalName>
						WE_FROM_IP
					</spirit:busSignalName>
				</spirit:signalName>
				<spirit:signalName>
					<spirit:componentSignalName>
						rd_re_out
					</spirit:componentSignalName>
					<spirit:busSignalName>
						RE_FROM_IP
					</spirit:busSignalName>
				</spirit:signalName>
				<spirit:signalName>
					<spirit:componentSignalName>
						rd_comm_in
					</spirit:componentSignalName>
					<spirit:busSignalName>
						COMM_TO_IP
					</spirit:busSignalName>
				</spirit:signalName>
				<spirit:signalName>
					<spirit:componentSignalName>
						rd_data_in
					</spirit:componentSignalName>
					<spirit:busSignalName>
						DATA_TO_IP
					</spirit:busSignalName>
				</spirit:signalName>
				<spirit:signalName>
					<spirit:componentSignalName>
						rd_av_in
					</spirit:componentSignalName>
					<spirit:busSignalName>
						AV_TO_IP
					</spirit:busSignalName>
				</spirit:signalName>
				<spirit:signalName>
					<spirit:componentSignalName>
						wr_full_in
					</spirit:componentSignalName>
					<spirit:busSignalName>
						FULL_TO_IP
					</spirit:busSignalName>
				</spirit:signalName>
				<spirit:signalName>
					<spirit:componentSignalName>
						rd_empty_in
					</spirit:componentSignalName>
					<spirit:busSignalName>
						EMPTY_TO_IP
					</spirit:busSignalName>
				</spirit:signalName>
				<spirit:signalName>
					<spirit:componentSignalName>
						wr_one_place_left_in
					</spirit:componentSignalName>
					<spirit:busSignalName>
						ONE_P_TO_IP
					</spirit:busSignalName>
				</spirit:signalName>
				<spirit:signalName>
					<spirit:componentSignalName>
						rd_one_data_left_in
					</spirit:componentSignalName>
					<spirit:busSignalName>
						ONE_D_TO_IP
					</spirit:busSignalName>
				</spirit:signalName>
			</spirit:signalMap>
		</spirit:busInterface>
	</spirit:busInterfaces>
	
	<spirit:model>
		<spirit:signals>
                        <!-- Signals not in hibi bus definition follow -->
			<spirit:signal>
				<spirit:name>
					clk
				</spirit:name>
				<spirit:direction>
					in
				</spirit:direction>
				<spirit:left>
					0
				</spirit:left>
				<spirit:right>
					0
				</spirit:right>
			</spirit:signal>
			<spirit:signal>
				<spirit:name>
					rst_n
				</spirit:name>
				<spirit:direction>
					in
				</spirit:direction>
				<spirit:left>
					0
				</spirit:left>
				<spirit:right>
					0
				</spirit:right>
			</spirit:signal>
			<spirit:signal>
				<spirit:name>
					config_mode_en_in
				</spirit:name>
				<spirit:direction>
					in
				</spirit:direction>
				<spirit:left>
					0
				</spirit:left>
				<spirit:right>
					0
				</spirit:right>
				<spirit:defaultValue>
				  <spirit:value>0</spirit:value>
				</spirit:defaultValue>
			</spirit:signal>
			<spirit:signal>
				<spirit:name>
					config_mode_en_out
				</spirit:name>
				<spirit:direction>
					out
				</spirit:direction>
				<spirit:left>
					0
				</spirit:left>
				<spirit:right>
					0
				</spirit:right>
			</spirit:signal>
			<spirit:signal>
				<spirit:name>
					monitor_command_out
				</spirit:name>
				<spirit:direction>
					out
				</spirit:direction>
				<spirit:left>
					1
				</spirit:left>
				<spirit:right>
					0
				</spirit:right>
			</spirit:signal>
			<spirit:signal>
				<spirit:name>
					select_monitor_UART_out
				</spirit:name>
				<spirit:direction>
					out
				</spirit:direction>
				<spirit:left>
					0
				</spirit:left>
				<spirit:right>
					0
				</spirit:right>
			</spirit:signal>
			<spirit:signal>
				<spirit:name>
					failure_out
				</spirit:name>
				<spirit:direction>
					out
				</spirit:direction>
				<spirit:left>
					0
				</spirit:left>
				<spirit:right>
					0
				</spirit:right>
			</spirit:signal>
			<spirit:signal>
				<spirit:name>
					UART_rx_in
				</spirit:name>
				<spirit:direction>
					in
				</spirit:direction>
				<spirit:left>
					0
				</spirit:left>
				<spirit:right>
					0
				</spirit:right>
				<spirit:defaultValue>
				  <spirit:value>0</spirit:value>
				</spirit:defaultValue>
			</spirit:signal>
			<spirit:signal>
				<spirit:name>
					UART_tx_out
				</spirit:name>
				<spirit:direction>
					out
				</spirit:direction>
				<spirit:left>
					0
				</spirit:left>
				<spirit:right>
					0
				</spirit:right>
			</spirit:signal>
                       <!-- Hibi bus signals follow, same as in bus definition -->
			<spirit:signal>
				<spirit:name>
					wr_comm_out
				</spirit:name>
				<spirit:direction>
					out
				</spirit:direction>
				<spirit:left>
					2
				</spirit:left>
				<spirit:right>
					0
				</spirit:right>
			</spirit:signal>
			<spirit:signal>
				<spirit:name>
					wr_data_out
				</spirit:name>
				<spirit:direction>
					out
				</spirit:direction>
				<spirit:left>
					31
				</spirit:left>
				<spirit:right>
					0
				</spirit:right>
			</spirit:signal>
			<spirit:signal>
				<spirit:name>
					wr_av_out
				</spirit:name>
				<spirit:direction>
					out
				</spirit:direction>
				<spirit:left>
					0
				</spirit:left>
				<spirit:right>
					0
				</spirit:right>
			</spirit:signal>
			<spirit:signal>
				<spirit:name>
					wr_we_out
				</spirit:name>
				<spirit:direction>
					out
				</spirit:direction>
				<spirit:left>
					0
				</spirit:left>
				<spirit:right>
					0
				</spirit:right>
			</spirit:signal>
			<spirit:signal>
				<spirit:name>
					rd_re_out
				</spirit:name>
				<spirit:direction>
					out
				</spirit:direction>
				<spirit:left>
					0
				</spirit:left>
				<spirit:right>
					0
				</spirit:right>
			</spirit:signal>
			<spirit:signal>
				<spirit:name>
					rd_comm_in
				</spirit:name>
				<spirit:direction>
					in
				</spirit:direction>
				<spirit:left>
					2
				</spirit:left>
				<spirit:right>
					0
				</spirit:right>
			</spirit:signal>
			<spirit:signal>
				<spirit:name>
					rd_data_in
				</spirit:name>
				<spirit:direction>
					in
				</spirit:direction>
				<spirit:left>
					31
				</spirit:left>
				<spirit:right>
					0
				</spirit:right>
			</spirit:signal>
			<spirit:signal>
				<spirit:name>
					rd_av_in
				</spirit:name>
				<spirit:direction>
					in
				</spirit:direction>
				<spirit:left>
					0
				</spirit:left>
				<spirit:right>
					0
				</spirit:right>
			</spirit:signal>
			<spirit:signal>
				<spirit:name>
					wr_full_in
				</spirit:name>
				<spirit:direction>
					in
				</spirit:direction>
				<spirit:left>
					0
				</spirit:left>
				<spirit:right>
					0
				</spirit:right>
			</spirit:signal>
			<spirit:signal>
				<spirit:name>
					rd_empty_in
				</spirit:name>
				<spirit:direction>
					in
				</spirit:direction>
				<spirit:left>
					0
				</spirit:left>
				<spirit:right>
					0
				</spirit:right>
			</spirit:signal>
			<spirit:signal>
				<spirit:name>
					wr_one_place_left_in 
				</spirit:name>
				<spirit:direction>
					in
				</spirit:direction>
				<spirit:left>
					0
				</spirit:left>
				<spirit:right>
					0
				</spirit:right>
			</spirit:signal>
			<spirit:signal>
				<spirit:name>
					rd_one_data_left_in
				</spirit:name>
				<spirit:direction>
					in
				</spirit:direction>
				<spirit:left>
					0
				</spirit:left>
				<spirit:right>
					0
				</spirit:right>
			</spirit:signal>
		</spirit:signals>
		<spirit:modelParameters>
			<spirit:modelParameter spirit:name="own_addr_g" spirit:id="own_addr_g" spirit:prompt="TG's own address/id (from 0 to 127)" spirit:dataType="integer" spirit:resolve="user" spirit:format="long" spirit:minimum="0" spirit:maximum="127">0</spirit:modelParameter>
			<spirit:modelParameter spirit:name="is_master_g" spirit:id="is_master_g" spirit:prompt="Is this master? (1/0) Only one master allowed. Preferably TG0 should be master." spirit:dataType="integer" spirit:resolve="user" spirit:format="long" spirit:minimum="0" spirit:maximum="1">0</spirit:modelParameter>
			<spirit:modelParameter spirit:name="n_triggers_g" spirit:id="n_triggers_g" spirit:prompt="Number of triggers" spirit:dataType="integer" spirit:resolve="user" spirit:format="long">3</spirit:modelParameter>
			<spirit:modelParameter spirit:name="n_events_g" spirit:id="n_events_g" spirit:prompt="Number of events" spirit:dataType="integer" spirit:resolve="user" spirit:format="long">3</spirit:modelParameter>
			<spirit:modelParameter spirit:name="dep_flag_w_g" spirit:id="dep_flag_w_g" spirit:prompt="Number of dependency flags" spirit:dataType="integer" spirit:resolve="user" spirit:format="long">16</spirit:modelParameter>
			<spirit:modelParameter spirit:name="addr_width_g" spirit:id="addr_width_g" spirit:prompt="HIBI address width" spirit:dataType="integer" spirit:resolve="user" spirit:format="long">32</spirit:modelParameter>
			<spirit:modelParameter spirit:name="hibi_comm_width_g" spirit:id="hibi_comm_width_g" spirit:prompt="Hibi command width" spirit:dataType="integer" spirit:resolve="user" spirit:format="long">3</spirit:modelParameter>
			<spirit:modelParameter spirit:name="hibi_segments_g" spirit:id="hibi_segments_g" spirit:prompt="Number of hibi segments (for addressing)" spirit:dataType="integer" spirit:resolve="user" spirit:format="long">1</spirit:modelParameter>
			<spirit:modelParameter spirit:name="wrappers_per_segment_g" spirit:id="wrappers_per_segment_g " spirit:prompt="Number of hibi wrappers (agents) per segment (for addressing)" spirit:dataType="integer" spirit:resolve="user" spirit:format="long">4</spirit:modelParameter>
		</spirit:modelParameters>
	</spirit:model>
	<spirit:fileSets>
		<spirit:fileSet spirit:fileSetId="hdlTop">
			<spirit:file>
				<spirit:name>../vhd/tg_top_for_hibi.vhd</spirit:name>
				<spirit:fileType>vhdlSource</spirit:fileType>
			</spirit:file>
		</spirit:fileSet>
		<spirit:fileSet spirit:fileSetId="hdlSources">

			<spirit:file>
				<spirit:name>../vhd/dpram.vhd</spirit:name>
				<spirit:fileType>vhdlSource</spirit:fileType>
			</spirit:file>
			<spirit:file>
				<spirit:name>../vhd/dpram_non_altera.vhd</spirit:name>
				<spirit:fileType>vhdlSource</spirit:fileType>
			</spirit:file>
			<spirit:file>
				<spirit:name>../vhd/hibi_addr_pkg.vhd</spirit:name>
				<spirit:fileType>vhdlSource</spirit:fileType>
			</spirit:file>
			<spirit:file>
				<spirit:name>../vhd/hibi_addr_resolver.vhd</spirit:name>
				<spirit:fileType>vhdlSource</spirit:fileType>
			</spirit:file>
			<spirit:file>
				<spirit:name>../vhd/master.vhd</spirit:name>
				<spirit:fileType>vhdlSource</spirit:fileType>
			</spirit:file>
			<spirit:file>
				<spirit:name>../vhd/master_sender_mux.vhd</spirit:name>
				<spirit:fileType>vhdlSource</spirit:fileType>
			</spirit:file>
			<spirit:file>
				<spirit:name>../vhd/reader.vhd</spirit:name>
				<spirit:fileType>vhdlSource</spirit:fileType>
			</spirit:file>
			<spirit:file>
				<spirit:name>../vhd/reader_input_mux.vhd</spirit:name>
				<spirit:fileType>vhdlSource</spirit:fileType>
			</spirit:file>
			<spirit:file>
				<spirit:name>../vhd/reader_wrapper.vhd</spirit:name>
				<spirit:fileType>vhdlSource</spirit:fileType>
			</spirit:file>
			<spirit:file>
				<spirit:name>../vhd/sender.vhd</spirit:name>
				<spirit:fileType>vhdlSource</spirit:fileType>
			</spirit:file>
			<spirit:file>
				<spirit:name>../vhd/sender_wrapper.vhd</spirit:name>
				<spirit:fileType>vhdlSource</spirit:fileType>
			</spirit:file>
			<spirit:file>
				<spirit:name>../vhd/tg_pkg.vhd</spirit:name>
				<spirit:fileType>vhdlSource</spirit:fileType>
			</spirit:file>
			<spirit:file>
				<spirit:name>../vhd/tg_top.vhd</spirit:name>
				<spirit:fileType>vhdlSource</spirit:fileType>
			</spirit:file>
			<spirit:file>
				<spirit:name>../vhd/trigger.vhd</spirit:name>
				<spirit:fileType>vhdlSource</spirit:fileType>
			</spirit:file>
			<spirit:file>
				<spirit:name>../vhd/uart_ctrl.vhd</spirit:name>
				<spirit:fileType>vhdlSource</spirit:fileType>
			</spirit:file>
			<spirit:file>
				<spirit:name>../vhd/uart_sim.vhd</spirit:name>
				<spirit:fileType>vhdlSource</spirit:fileType>
			</spirit:file>
			<spirit:file>
				<spirit:name>../vhd/wrapper.vhd</spirit:name>
				<spirit:fileType>vhdlSource</spirit:fileType>
			</spirit:file>

		</spirit:fileSet>
	</spirit:fileSets>
</spirit:component>
