<?xml version="1.0" encoding="UTF-8" standalone="yes"?>
<UIConfig>
    <MainWindow>
        <WindowSize y="599" x="1605"/>
    </MainWindow>
    <CtrlTab autoActivateState="true">
        <configuration>
            <cpu id="0" visible_chart="0" name="cpu1">
                <thread id="0" priority="0" name="thread_0">
                    <process name="MotionEstimation" id="4"/>
                    <process name="PreProcessing" id="5"/>
                </thread>
                <Chart yaxisTitle="" chartTitle="Resource utilization" typeID="0" automaticScaling="true" graphID="0" maxValue="0.0" length="100.0" logged="false" xaxisTitle="" minValue="0.0"/>
            </cpu>
            <cpu id="1" visible_chart="0" name="cpu2">
              <thread id="1" priority="0" name="thread_1">
                <process name="IDCT" id="7"/>
                <process name="Rescaling" id="6"/>
                <process name="dct" id="0"/>  
              </thread>
              <Chart yaxisTitle="" chartTitle="Resource utilization" typeID="0" automaticScaling="true" graphID="0" maxValue="0.0" length="100.0" logged="false" xaxisTitle="" minValue="0.0"/>
            </cpu>
            <cpu id="2" visible_chart="0" name="cpu3">
                <thread id="2" priority="0" name="thread_2">
                    <process name="MBtoFrame" id="8"/>
                    <process name="WebClient" id="3"/>
                    <process name="VLCDecoding" id="9"/>
                </thread>
                <Chart yaxisTitle="" chartTitle="Resource utilization" typeID="0" automaticScaling="true" graphID="0" maxValue="0.0" length="100.0" logged="false" xaxisTitle="" minValue="0.0"/>
            </cpu>
            <cpu id="3" visible_chart="0" name="cpu4">
                <thread id="3" priority="0" name="thread_3">
                    <process name="quantization" id="1"/>
                    <process name="VLC" id="2"/>
                    <process name="MotionCompensation" id="10"/>
                </thread>
                <Chart yaxisTitle="" chartTitle="Resource utilization" typeID="0" automaticScaling="true" graphID="0" maxValue="0.0" length="100.0" logged="false" xaxisTitle="" minValue="0.0"/>
            </cpu>
        </configuration>
    </CtrlTab>
    <GraphTab>
        <!--Window type="debug">
            <WindowLocation x="0" y="0"/>
            <WindowSize y="300" x="200"/>
        </Window>
        <Window type="chart">
            <WindowLocation x="15" y="37"/>
            <WindowSize y="268" x="329"/>
            <Chart yaxisTitle="" chartTitle="Frame rate (VLC)" typeID="0" automaticScaling="true" graphID="15" maxValue="0.0" length="100.0" logged="false" xaxisTitle="" minValue="0.0"/>
        </Window>
        <Window type="chart">
            <WindowLocation x="358" y="37"/>
            <WindowSize y="268" x="406"/>
            <Chart yaxisTitle="" chartTitle="Frame rate (MBtoFrame)" typeID="0" automaticScaling="true" graphID="16" maxValue="0.0" length="100.0" logged="false" xaxisTitle="" minValue="0.0"/>
        </Window-->
    </GraphTab>
</UIConfig>

