<?xml version="1.0" encoding="ISO-8859-1"?>
<processing_element_lib 
  xmlns:xsi="http://www.w3.org/2001/XMLSchema-instance"
  xmlns=""
  xsi:noNamespaceSchemaLocation="pe_lib_content_model.xsd">
  
  
  <!-- Explanations for attributes -->
  <!-- class: type of applications capable of processing -->
  <!-- int_ops: integer operations / cycle -->
  <!-- f_ops: Floating point operations / cycle -->
  <!-- mem_ops: memory operations / cycle -->
  <!-- power: mW/MHz -->
  <!-- area: equivalent gates (without internal memories) -->
  <!-- min_freq: Minimum frequency  (MHz) -->
  <!-- max_freq: Maximum frequency  (MHz) -->  
  
  <processing_element type="CPU_TYPE_1" class="general" int_ops="1" float_ops="1" mem_ops="1" power="0.6" area="70000" min_freq="10" max_freq="200"/>

  <processing_element type="CPU_TYPE_2" class="general" int_ops="3" float_ops="1" mem_ops="1" power="0.8" area="70000" min_freq="10" max_freq="200"/>
  
  <processing_element type="CPU_TYPE_3" class="general" int_ops="2" float_ops="2" mem_ops="1" power="1" area="15000" min_freq="10" max_freq="50">
    <communication_costs>
      <intragroup>
	<send> <polynomial> <param exp="0" value="0"/> </polynomial> </send>
	<receive> <polynomial> <param exp="0" value="1675"/> </polynomial> </receive>
      </intragroup>
      <intergroup>
	<send> <polynomial> <param exp="0" value="1956"/> </polynomial> </send>
	<receive> <polynomial> <param exp="0" value="8693"/> </polynomial> </receive>
      </intergroup>
      <interpe>
	<send> <polynomial> <!--param exp="1" value="3.467"/--> <param exp="1" value="3"/> <param exp="0" value="7404"/> </polynomial> </send>
	<receive> <polynomial> <!--param exp="1" value="4.5699"/--> <param exp="1" value="5"/> <param exp="0" value="15285"/> </polynomial> </receive>
      </interpe>
    </communication_costs>
  </processing_element>
  
  <processing_element type="CPU_TYPE_MC" class="general" 
		      int_ops="1" float_ops="1" mem_ops="1" power="0.6" 
		      area="7000" min_freq="1" max_freq="1000"/>

</processing_element_lib>
