<?xml version="1.0" encoding="UTF-8" standalone="yes"?>
<UIConfig>
    <MainWindow>
        <WindowSize y="599" x="1605"/>
    </MainWindow>
    <CtrlTab autoActivateState="true">
        <configuration>
            <cpu id="0" visible_chart="0" name="cpu1">
                <thread id="0" priority="0" name="thread_0">
                  <process name="SendOnce" id="1"/>
                </thread>
                <Chart yaxisTitle="" chartTitle="Processor utilization" typeID="0" automaticScaling="true" graphID="0" maxValue="0.0" length="100.0" logged="false" xaxisTitle="" minValue="0.0"/>
            </cpu>
            <cpu id="1" visible_chart="0" name="cpu2">
              <thread id="1" priority="0" name="thread_1">
                <process name="SendPeriodically" id="2"/>
              </thread>
              <Chart yaxisTitle="" chartTitle="Processor utilization" typeID="0" automaticScaling="true" graphID="0" maxValue="0.0" length="100.0" logged="false" xaxisTitle="" minValue="0.0"/>
            </cpu>
            <cpu id="2" visible_chart="0" name="cpu3">
                <thread id="2" priority="0" name="thread_2">
                  <process name="ForwardData" id="3"/> 
                </thread>
                <Chart yaxisTitle="" chartTitle="Processor utilization" typeID="0" automaticScaling="true" graphID="0" maxValue="0.0" length="100.0" logged="false" xaxisTitle="" minValue="0.0"/>
            </cpu>
            <cpu id="3" visible_chart="0" name="cpu4">
                <thread id="3" priority="0" name="thread_3">
                  <process name="DataProcessing" id="4"/>
                </thread>
                <Chart yaxisTitle="" chartTitle="Processor utilization" typeID="0" automaticScaling="true" graphID="0" maxValue="0.0" length="100.0" logged="false" xaxisTitle="" minValue="0.0"/>
            </cpu>
        </configuration>
    </CtrlTab>
    <GraphTab>
    </GraphTab>

<ServiceTab>
 <service id="199" name="SendOnce" y="100" x="100">
   <process name="SendOnce" id="1"/>
 </service>

 <service id="299" name="SendPeriodicall" y="100" x="400">
   <process name="SendPeriodically" id="2"/>
 </service>
 
 <service id="399" name="ForwardData" y="300" x="100">
   <process name="ForwardData" id="3"/> 
  </service>
 
 <service id="499" name="DataProcessing" y="300" x="400">
   <process name="DataProcessing" id="4"/>
 </service>

 <connection id="1" src="199" dest="399"></connection>
 <connection id="2" src="299" dest="399"></connection>
 <connection id="3" src="399" dest="499"></connection>
 <connection id="4" src="499" dest="399"></connection>


</ServiceTab>
</UIConfig>

