<?xml version='1.0'?>
<!DOCTYPE system>

<!-- This is the XML source for the example in tg2_tutorial.pdf -->
<!-- Description: 4 tasks, 2 events, 4 CPUs and 2x2 mesh NoC    -->
<!-- Author: Esko Pekkarinen                                    -->
<!-- Date:   2012-01-13                                         -->


<system xmlns:xsi="http://www.w3.org/2001/XMLSchema-instance">
  <xsm_version value="4"/>


  <!--  APPLICATION  -->
  
  <application>
    <task_graph>
      
      
      <event_list>	
	<!-- Events create stimuli for the tasks  -->
	<!-- 1.event  -->
	<event name="ActivateSendOnce" 
	       id="1" 	       
	       amount="8" 
	       count="1"
	       offset="0.050"
	       prob="1.0"
	       out_port_id="70" />
	
	<!-- 2.event  -->
	<event name="ActivateSendPer"
	       id="2"
	       amount="1"
	       count="25"
	       period="0.004"
	       prob="1.0"
	       out_port_id="80" />
      </event_list>
      

      <!-- Tasks model the workload: operations and transfers -->
      <!-- 1.task -->
      <!-- This one is triggered by first event and hence only once--> 
      <task  name="SendOnce" id="1" class="general">

	<!-- Interface -->
	<in_port id="10"/>
	<out_port id="15"/>

	<!-- Workload  -->
	<trigger>
	  <!-- Condition: data in this port activates the task -->
	  <in_port id="10"/>

	  <!-- Always do the same operation (no attributes for exec_count)-->
	  <exec_count>
	    <!-- First, perform "computation"     -->
	    <op_count>
	      <int_ops>
		<polynomial>
		  <!-- Constant -->
		  <param value="1500000" exp="0"/>
		</polynomial>
	      </int_ops>
	    </op_count>

	    <!-- Second, send data     -->
	    <send out_id="15" prob="1">
	      <byte_amount>
		<polynomial>
		  <!-- Constant -->
		  <param value="1021" exp="0"/>
		</polynomial>
	      </byte_amount>
	    </send>

	    <!-- Third, wait for more input data  -->
	    <next_state value="READY"/>
	  </exec_count>
	</trigger>	
      </task>     

      
      <!-- 2.task --> 
      <!-- Compute and send identically on every activation -->
      <task  name="SendPeriodically" id="2" class="general">
	<in_port id="20"/>
	<out_port id="25"/>
	<trigger>
	  <in_port id="20"/>
	  <exec_count>
	    <op_count>
	      <mem_ops>
		<polynomial>
		  <param value="3000" exp="0"/>
		</polynomial>
	      </mem_ops>
	    </op_count>
	    <send out_id="25" prob="1">
	      <byte_amount>
		<polynomial>
		  <param value="16" exp="0"/>
		</polynomial>
	      </byte_amount>
	    </send>
	    <next_state value="READY"/>
	  </exec_count>
	</trigger>
      </task>
      
      
      <!-- 3.task --> 
      <!-- This does 2 things depending what data arrives -->
      <task  name="ForwardData" id="3" class="general">
	<in_port id="30"/>
	<in_port id="31"/>
	<in_port id="32"/>
	<out_port id="35"/>

	<trigger>
	  <in_port id="31"/>
	  <exec_count>
	    <op_count>
	      <int_ops>
		<polynomial>
		  <param value="16384" exp="0"/>
		</polynomial>
	      </int_ops>
	    </op_count>
	    <send out_id="35" prob="1">
	      <byte_amount>
		<!-- Send 3x the received amount -->
		<polynomial>
		  <param value="3" exp="1"/>
		</polynomial>
	      </byte_amount>
	    </send>
	    <next_state value="READY"/>
	  </exec_count>
	</trigger>

	<!-- This gets triggered only when both inouts have received data -->
	<trigger dependence_type="and">
	  <in_port id="30"/>
	  <in_port id="31"/>
	  <exec_count>
	    <op_count>
	      <int_ops>
		<polynomial>
		  <param value="16384" exp="0"/>
		</polynomial>
	      </int_ops>
	    </op_count>
	    <send out_id="35" prob="1">
	      <byte_amount>
		<polynomial>
		  <param value="512" exp="0"/>
		</polynomial>
	      </byte_amount>
	    </send>
	    <next_state value="READY"/>
	  </exec_count>
	</trigger>
      </task>
      
      <!-- 4.task -->
      <!-- Behavior depends on the execution count -->
      <task  name="DataProcessing" id="4" class="general">
	<in_port id="40"/>
	<out_port id="45"/>

	<trigger>
	  <in_port id="40"/>

	  <!-- Do this on every even exec_count, 0,2,4...-->
	  <exec_count mod_phase="0" mod_period="2">
	    <op_count>
	      <float_ops>
		<!-- Random amount -->
		<distribution>
		  <uniform min="16384" max="32769"/>
		</distribution>
	      </float_ops>
	      <mem_ops>
		<polynomial>
		  <param value="1500" exp="0"/>
		</polynomial>
	      </mem_ops>
	    </op_count>
	    <next_state value="READY"/>
	    <send out_id="45" prob="1">
	      <byte_amount>
		<polynomial>
		  <param value="16" exp="0"/>
		</polynomial>
	      </byte_amount>
	    </send>
	  </exec_count>

	  <!-- Do this on every odd exec_count, 1,3,5...-->
	  <exec_count mod_phase="1" mod_period="2">
	    <op_count>
	      <float_ops>
		<distribution>
		  <uniform min="1200" max="2600"/>
		</distribution>
	      </float_ops>
	    </op_count>
	    <next_state value="READY"/>
	    <send out_id="45"  prob="1">
	      <byte_amount>
		<polynomial>
		  <param value="8" exp="0"/>
		</polynomial>
	      </byte_amount>
	    </send>
	  </exec_count>
	</trigger>
      </task>



      
      <!-- Form a graph by connecting the task and event ports  -->     
      <!-- From events-->
      <port_connection src="70" dst="10"/>      
      <port_connection src="80" dst="20"/>

      <!-- From 1.task-->
      <port_connection src="15" dst="30"/>

      <!-- From 2.task-->
      <port_connection src="25" dst="31"/>   
 
      <!-- From 3.task-->
      <port_connection src="35" dst="40"/>

      <!-- From 4.task <-->
      <port_connection src="45" dst="32"/>
      

    </task_graph>

  </application>
  
  
  <!--  MAPPING  -->
  <!-- For each CPU, define which tasks it executes -->
  <mapping>

    <resource name="cpu1" id="0">
	<group name="g1" id="0">
	  
	  <!--  Assing task 1 to cpu1  -->
	  <task name="SendOnce" id="1"/>  	  
	</group>
    </resource>

    <resource name="cpu2" id="1">
	<group name="g2" id="1">

	  <!--  Assing task 2 to cpu2  -->
	  <task name="SendPeriodically" id="2"/>

	</group>
    </resource>

    <resource name="cpu3" id="2">
	<group name="g3" id="2">
	 
 	  <!--  Assing task 3 to cpu3  -->
	  <task name="ForwardData" id="3"/>

	</group>
    </resource>

    <resource name="cpu4" id="3">
	<group name="g4" id="3">

 	  <!--  Assing task 4 to cpu4  -->
	  <task name="DataProcessing" id="4"/>


	  
	</group>
    </resource>
  </mapping>

  
  <!--  PLATFORM  -->
  <!-- Define what CPUs (and memories) are used -->  
  <platform> 

      <!-- Frequency in Megahertz -->
      <!-- packet and buffer sizes in bytes -->

      <resource id="0" name="cpu1" frequency="20" 
		type="CPU_TYPE_2" packet_size="16"
                tx_buffer_size="1600" rx_buffer_size="16000">
      </resource>
      
      <resource id="1" name="cpu2" frequency="20" 
		type="CPU_TYPE_2" packet_size="16"
                tx_buffer_size="1600" rx_buffer_size="16000">
      </resource>
      
      <resource id="2" name="cpu3" frequency="20" 
		type="CPU_TYPE_2" packet_size="16"
                tx_buffer_size="1600" rx_buffer_size="16000">
      </resource>
      
      <resource id="3" name="cpu4" frequency="20" 
		type="CPU_TYPE_2" packet_size="16"
                tx_buffer_size="1600" rx_buffer_size="16000">
      </resource>

    
  </platform>
  

  <!--  CONSTRAINTS  -->

  <constraints>
    <!-- Define network-on-chip (topology) and its model type
	 NoCs:  <class> : <types>
	     mesh_2d    : sc_tlm_1, sc_rtl_1, sc_rtl_2, vhd
	     simple_bus : sc_tlm_1
    -->
    <noc class="mesh_2d" type="sc_rtl_1" subtype="2x2"/>


    <!-- Seed for random number generator. Comment out for random seed -->
    <rng_seed       value="42"/>
    
    <!-- Used in standalone mode, not with e.g. Modelsim -->
    <sim_resolution time="1.0"   unit="fs"/>
    <sim_length     time="100.0"   unit="ms"/>
    
    <!-- Interval between measurements 
	 (both averages and snapshots) -->
    <measurements   time="1.0"  unit="ms"/>   
    
    <!-- Path to PE lib file -->
    <pe_lib         file="examples/pe_lib.xml"/>

    <!-- Paths to log files. Comment out to disable logging -->
    <log_packet      file="log_packet.csv"/>
    <log_exec_mon    file="log_execmon.txt"/>
    <log_token       file="log_token.csv"/>
    <log_summary     file="log_summary.csv"/>
    <log_pe          file="log_pe.csv"/>
    <log_app         file="log_app.csv"/>


    <!-- These things are measured during execution:                    -->
    <!--  ec_x = event x activations, tc_x = task x activations         --> 
    <!--  tc_tot = sum of all tc's, pf = PE freq, pu = PE utilization % --> 
    <!--  pu_avg =average of all utilizations                           --> 
    <!--  lat_src_dst = latency for a data token from port to another   -->
    <!-- Simple arithmetic on parameters is supported.                  -->
    <cost_function   func="ec_1"/>
    <cost_function   func="ec_2"/>
    <cost_function   func="tc_1"/>
    <cost_function   func="tc_2"/>
    <cost_function   func="tc_3"/>
    <cost_function   func="tc_4"/>
    <cost_function   func="tc_tot"/>    
    <cost_function   func="pf_0"/>
    <cost_function   func="pu_0*100"/>
    <cost_function   func="pf_1"/>
    <cost_function   func="pu_1*100"/>
    <cost_function   func="pf_2"/>
    <cost_function   func="pu_2*100"/>
    <cost_function   func="pf_3"/>
    <cost_function   func="pu_3*100"/>
    <cost_function   func="pu_avg*100"/>  
    <cost_function   func="lat_25_31_avg"/>  

  </constraints>
  

</system>
