
<!-- ************************************************************************** -->
<!--  Copyright 2011 Tampere University of Technology                           -->
<!--                                                                            -->
<!--  This file is part of Transaction Generator.                               -->
<!--                                                                            -->
<!--  Transaction Generator is free software: you can redistribute it and/or    -->
<!--  modify it under the terms of the Lesser GNU General Public License as     -->
<!--  published by the Free Software Foundation, either version 3 of the        -->
<!--  License, or (at your option) any later version.                           -->
<!--                                                                            -->
<!--  Transaction Generator is distributed in the hope that it will be useful,  -->
<!--  but WITHOUT ANY WARRANTY; without even the implied warranty of            -->
<!--  MERCHANTABILITY or FITNESS FOR A PARTICULAR PURPOSE.  See the             -->
<!--  Lesser GNU General Public License for more details.                       -->
<!--                                                                            -->
<!--  You should have received a copy of the Lesser GNU General Public Licenes  -->
<!--  along with Transaction Generator. If not, see                             -->
<!--  <http://www.gnu.org/licenses/>.                                           -->
<!--                                                                            -->
<!-- ************************************************************************** -->


<!-- ************************************************************************** -->
<!-- Audio Video Benchmark model application                                    -->
<!-- Author:   Esko Pekkarinen, Department of Computer Systems,                 -->
<!--           Tampere University of Technology                                 -->
<!-- Modified: 27.05.2011                                                       -->
<!-- Based on: "System-level buffer allocation for application-specific         -->
<!--           networks-on-chip router design," J. Hu, U. Ogras, and            --> 
<!--	       R. Marculescu, IEEE Trans. Comput.-Aided Design Integr.          -->
<!--           Circuits Syst., vol. 25, no. 12, pp. 2919-2933, Dec. 2006.       -->
<!--                                                                            -->
<!--           Tasks      40, op_counts: no                                     -->
<!--           Events     4                                                     -->
<!--           Resources  16                                                    -->
<!--                                                                            -->
<!-- ************************************************************************** -->
<!-- tested with noc freq 2 GHz, PE freq 1 GHz                                  -->
<!-- ************************************************************************** -->
<?xml version='1.0'?>
<!DOCTYPE system>
<system xmlns:xsi="http://www.w3.org/2001/XMLSchema-instance" 
	xsi:noNamespaceSchemaLocation="C:/koski/lib/UML_PA~1/../../koskigui/XSM_CO~1.XSD">
  <xsm_version value="4"/>
  
  <application>
    <task_graph>  
      
      <task name="FP1" id="0" class="general">
	<in_port id="100"/>
	<out_port id="1"/>
	<out_port id="35"/>
	<trigger>
	  <in_port id="100"/>
	  <exec_count>
	    <op_count>
	      <int_ops>
		<polynomial>
		  <param value="1" exp="0"/>
		</polynomial>
	      </int_ops>
	    </op_count>
	    <send out_id="1" prob="1">
	      <byte_amount>
		<polynomial>
		  <param value="11880" exp="0"/>
		</polynomial>
	      </byte_amount>
	    </send>
	    <send out_id="35" prob="1">
	      <byte_amount>
		<polynomial>
		  <param value="1" exp="0"/>
		</polynomial>
	      </byte_amount>
	    </send>
	    <next_state value="READY"/>
	  </exec_count>
	</trigger>
      </task>
      
      <task name="ME" id="1" class="general">
	<in_port id="10"/>
	<in_port id="19"/>
	<out_port id="12"/>
	<out_port id="17"/>
	<trigger dependence_type="and">
	  <in_port id="10"/>
	  <in_port id="19"/>
	  <exec_count>
	    <op_count>
	      <int_ops>
		<polynomial>
		  <param value="1" exp="0"/>
		</polynomial>
	      </int_ops>
	    </op_count>
	    <send out_id="12" prob="1">
	      <byte_amount>
		<polynomial>
		  <param value="10578" exp="0"/>
		</polynomial>
	      </byte_amount>
	    </send>
	    <send out_id="17" prob="1">
	      <byte_amount>
		<polynomial>
		  <param value="62" exp="0"/>
		</polynomial>
	      </byte_amount>
	    </send>
	    <next_state value="READY"/>
	  </exec_count>
	</trigger>
      </task>

      <task name="DCT" id="2" class="general">
	<in_port id="21"/>
	<out_port id="23"/>
	<out_port id="25"/>
	<trigger>
	  <in_port id="21"/>
	  <exec_count>
	    <op_count>
	      <int_ops>
		<polynomial>
		  <param value="1" exp="0"/>
		</polynomial>
	      </int_ops>
	    </op_count>
	    <send out_id="23" prob="1">
	      <byte_amount>
		<polynomial>
		  <param value="10578" exp="0"/>
		</polynomial>
	      </byte_amount>
	    </send>
	    <send out_id="25" prob="1">
	      <byte_amount>
		<polynomial>
		  <param value="1" exp="0"/>
		</polynomial>
	      </byte_amount>
	    </send>
	    <next_state value="READY"/>
	  </exec_count>
	</trigger>
      </task>
     
      <task name="Q" id="3" class="general">
	<in_port id="32"/>
	<out_port id="34"/>
	<out_port id="312"/>
	<trigger>
	  <in_port id="32"/>
	  <exec_count>
	    <op_count>
	      <int_ops>
		<polynomial>
		  <param value="1" exp="0"/>
		</polynomial>
	      </int_ops>
	    </op_count>
	    <send out_id="312" prob="1">
	      <byte_amount>
		<polynomial>
		  <param value="10578" exp="0"/>
		</polynomial>
	      </byte_amount>
	    </send>
	    <send out_id="34" prob="1">
	      <byte_amount>
		<polynomial>
		  <param value="1" exp="0"/>
		</polynomial>
	      </byte_amount>
	    </send>
	    <next_state value="READY"/>
	  </exec_count>
	</trigger>
      </task>
     
      <task name="IQ1" id="4" class="general">
	<in_port id="43"/>
	<out_port id="45"/>
	<out_port id="46"/>
	<trigger>
	  <in_port id="43"/>
	  <exec_count>
	    <op_count>
	      <int_ops>
		<polynomial>
		  <param value="1" exp="0"/>
		</polynomial>
	      </int_ops>
	    </op_count>
	    <send out_id="45" prob="1">
	      <byte_amount>
		<polynomial>
		  <param value="5216" exp="0"/>
		</polynomial>
	      </byte_amount>
	    </send>
	    <send out_id="46" prob="1">
	      <byte_amount>
		<polynomial>
		  <param value="1" exp="0"/>
		</polynomial>
	      </byte_amount>
	    </send>
	    <next_state value="READY"/>
	  </exec_count>
	</trigger>
      </task>

      <task name="IDCT1" id="5" class="general">
	<in_port id="52"/>
	<in_port id="54"/>
	<out_port id="534"/>
	<out_port id="58"/>
	<trigger dependence_type="and">
	  <in_port id="52"/>
	  <in_port id="54"/>
	  <exec_count>
	    <op_count>
	      <int_ops>
		<polynomial>
		  <param value="1" exp="0"/>
		</polynomial>
	      </int_ops>
	    </op_count>
	    <send out_id="58" prob="1">
	      <byte_amount>
		<polynomial>
		  <param value="5216" exp="0"/>
		</polynomial>
	      </byte_amount>
	    </send>
	    <send out_id="534" prob="1">
	      <byte_amount>
		<polynomial>
		  <param value="1" exp="0"/>
		</polynomial>
	      </byte_amount>
	    </send>
	    <next_state value="READY"/>
	  </exec_count>
	</trigger>
      </task>

      <task name="IQ2" id="6" class="general">
	<in_port id="64"/>
	<out_port id="634"/>
	<trigger>
	  <in_port id="64"/>
	  <exec_count>
	    <op_count>
	      <int_ops>
		<polynomial>
		  <param value="1" exp="0"/>
		</polynomial>
	      </int_ops>
	    </op_count>
	    <send out_id="634" prob="1">
	      <byte_amount>
		<polynomial>
		  <param value="1146" exp="0"/>
		</polynomial>
	      </byte_amount>
	    </send>
	    <next_state value="READY"/>
	  </exec_count>
	</trigger>
      </task>

      <task name="MC1" id="7" class="general">
	<in_port id="71"/>
	<in_port id="710"/>
	<out_port id="78"/>
	<trigger dependence_type="and">
	  <in_port id="71"/>
	  <in_port id="710"/>
	  <exec_count>
	    <op_count>
	      <int_ops>
		<polynomial>
		  <param value="1" exp="0"/>
		</polynomial>
	      </int_ops>
	    </op_count>
	    <send out_id="78" prob="1">
	      <byte_amount>
		<polynomial>
		  <param value="1" exp="0"/>
		</polynomial>
	      </byte_amount>
	    </send>
	    <next_state value="READY"/>
	  </exec_count>
	</trigger>
      </task>

      <task name="ADD1" id="8" class="general">
	<in_port id="87"/>
	<in_port id="85"/>
	<out_port id="811"/>
	<trigger dependence_type="and">
	  <in_port id="87"/>
	  <in_port id="85"/>
	  <exec_count>
	    <op_count>
	      <int_ops>
		<polynomial>
		  <param value="1" exp="0"/>
		</polynomial>
	      </int_ops>
	    </op_count>
	    <send out_id="811" prob="1">
	      <byte_amount>
		<polynomial>
		  <param value="11880" exp="0"/>
		</polynomial>
	      </byte_amount>
	    </send>
	    <next_state value="READY"/>
	  </exec_count>
	</trigger>
      </task>

      <task name="FS0" id="9" class="general">
	<in_port id="900"/>
	<out_port id="91"/>
	<out_port id="910"/>
	<trigger>
	  <in_port id="900"/>
	  <exec_count>
	    <op_count>
	      <int_ops>
		<polynomial>
		  <param value="1" exp="0"/>
		</polynomial>
	      </int_ops>
	    </op_count>
	    <send out_id="91" prob="1">
	      <byte_amount>
		<polynomial>
		  <param value="36523" exp="0"/>
		</polynomial>
	      </byte_amount>
	    </send>
	    <send out_id="910" prob="1">
	      <byte_amount>
		<polynomial>
		  <param value="1" exp="0"/>
		</polynomial>
	      </byte_amount>
	    </send>
	    <next_state value="READY"/>
	  </exec_count>
	</trigger>
      </task>
      
      <task name="FS1" id="10" class="general">
	<in_port id="109"/>
	<out_port id="107"/>
	<out_port id="1011"/>
	<trigger>
	  <in_port id="109"/>
	  <exec_count>
	    <op_count>
	      <int_ops>
		<polynomial>
		  <param value="1" exp="0"/>
		</polynomial>
	      </int_ops>
	    </op_count>
	    <send out_id="107" prob="1">
	      <byte_amount>
		<polynomial>
		  <param value="23502" exp="0"/>
		</polynomial>
	      </byte_amount>
	    </send>
	    <send out_id="1011" prob="1">
	      <byte_amount>
		<polynomial>
		  <param value="1" exp="0"/>
		</polynomial>
	      </byte_amount>
	    </send>
	    <next_state value="READY"/>
	  </exec_count>
	</trigger>
      </task>

      <task name="FS2" id="11" class="general">
	<in_port id="1110"/>
	<in_port id="118"/>
	<trigger dependence_type="and">
	  <in_port id="118"/>
	  <in_port id="1110"/>
	  <exec_count>
	    <op_count>
	      <int_ops>
		<polynomial>
		  <param value="1" exp="0"/>
		</polynomial>
	      </int_ops>
	    </op_count>
	    <next_state value="READY"/>
	  </exec_count>
	</trigger>
      </task>

      <task name="VLE" id="12" class="general">
	<in_port id="123"/>
	<out_port id="1213"/>
	<out_port id="1219"/>
	<trigger>
	  <in_port id="123"/>
	  <exec_count>
	    <op_count>
	      <int_ops>
		<polynomial>
		  <param value="1" exp="0"/>
		</polynomial>
	      </int_ops>
	    </op_count>
	    <send out_id="1219" prob="1">
	      <byte_amount>
		<polynomial>
		  <param value="239" exp="0"/>
		</polynomial>
	      </byte_amount>
	    </send>
	    <send out_id="1213" prob="1">
	      <byte_amount>
		<polynomial>
		  <param value="1" exp="0"/>
		</polynomial>
	      </byte_amount>
	    </send>
	    <next_state value="READY"/>
	  </exec_count>
	</trigger>
      </task>

      <task name="Iterative_Encoding_1" id="13" class="general">
	<in_port id="1312"/>
	<in_port id="1339"/>
	<out_port id="1314"/>
	<out_port id="1317"/>
	<trigger dependence_type="and">
	  <in_port id="1312"/>
	  <in_port id="1339"/>
	  <exec_count>
	    <op_count>
	      <int_ops>
		<polynomial>
		  <param value="1" exp="0"/>
		</polynomial>
	      </int_ops>
	    </op_count>
	    <send out_id="1317" prob="1">
	      <byte_amount>
		<polynomial>
		  <param value="25" exp="0"/>
		</polynomial>
	      </byte_amount>
	    </send>
	    <send out_id="1314" prob="1">
	      <byte_amount>
		<polynomial>
		  <param value="1" exp="0"/>
		</polynomial>
	      </byte_amount>
	    </send>
	    <next_state value="READY"/>
	  </exec_count>
	</trigger>
      </task>

      <task name="Iterative_Encoding_2" id="14" class="general">
	<in_port id="1413"/>
	<in_port id="1418"/>
	<out_port id="1415"/>
	<trigger dependence_type="and">
	  <in_port id="1413"/>
	  <in_port id="1418"/>
	  <exec_count>
	    <op_count>
	      <int_ops>
		<polynomial>
		  <param value="1" exp="0"/>
		</polynomial>
	      </int_ops>
	    </op_count>
	    <send out_id="1415" prob="1">
	      <byte_amount>
		<polynomial>
		  <param value="200" exp="0"/>
		</polynomial>
	      </byte_amount>
	    </send>
	    <next_state value="READY"/>
	  </exec_count>
	</trigger>
      </task>

      <task name="Buffering_1" id="15" class="general">
	<in_port id="1514"/>
	<out_port id="1516"/>
	<trigger>
	  <in_port id="1514"/>
	  <exec_count>
	    <op_count>
	      <int_ops>
		<polynomial>
		  <param value="1" exp="0"/>
		</polynomial>
	      </int_ops>
	    </op_count>
	    <send out_id="1516" prob="1">
	      <byte_amount>
		<polynomial>
		  <param value="1" exp="0"/>
		</polynomial>
	      </byte_amount>
	    </send>
	    <next_state value="READY"/>
	  </exec_count>
	</trigger>
      </task>

      <task name="Buffering_2" id="16" class="general">
	<in_port id="1615"/>
	<in_port id="1630"/>
	<out_port id="1619"/>
	<out_port id="1631"/>
	<trigger dependence_type="and">
	  <in_port id="1615"/>
	  <in_port id="1630"/>
	  <exec_count>
	    <op_count>
	      <int_ops>
		<polynomial>
		  <param value="1" exp="0"/>
		</polynomial>
	      </int_ops>
	    </op_count>
	    <send out_id="1619" prob="1">
	      <byte_amount>
		<polynomial>
		  <param value="200" exp="0"/>
		</polynomial>
	      </byte_amount>
	    </send>
	    <send out_id="1631" prob="1">
	      <byte_amount>
		<polynomial>
		  <param value="2208" exp="0"/>
		</polynomial>
	      </byte_amount>
	    </send>
	    <next_state value="READY"/>
	  </exec_count>
	</trigger>
      </task>

      <task name="Bit_reservoir_1" id="17" class="general">
	<in_port id="1713"/>
	<out_port id="1718"/>
	<trigger>
	  <in_port id="1713"/>
	  <exec_count>
	    <op_count>
	      <int_ops>
		<polynomial>
		  <param value="1" exp="0"/>
		</polynomial>
	      </int_ops>
	    </op_count>
	    <send out_id="1718" prob="1">
	      <byte_amount>
		<polynomial>
		  <param value="1" exp="0"/>
		</polynomial>
	      </byte_amount>
	    </send>
	    <next_state value="READY"/>
	  </exec_count>
	</trigger>
      </task>

      <task name="Bit_reservoir_2" id="18" class="general">
	<in_port id="1817"/>
	<out_port id="1814"/>
	<trigger>
	  <in_port id="1817"/>
	  <exec_count>
	    <op_count>
	      <int_ops>
		<polynomial>
		  <param value="1" exp="0"/>
		</polynomial>
	      </int_ops>
	    </op_count>
	    <send out_id="1814" prob="1">
	      <byte_amount>
		<polynomial>
		  <param value="8" exp="0"/>
		</polynomial>
	      </byte_amount>
	    </send>
	    <next_state value="READY"/>
	  </exec_count>
	</trigger>
      </task>

      <task name="Synchronization_1" id="19" class="general">
	<in_port id="1912"/>
	<in_port id="1916"/>
	<in_port id="1921"/>
	<out_port id="1920"/>
	<trigger dependence_type="and">
	  <in_port id="1912"/>
	  <in_port id="1916"/>
	  <in_port id="1921"/>
	  <exec_count>
	    <op_count>
	      <int_ops>
		<polynomial>
		  <param value="1" exp="0"/>
		</polynomial>
	      </int_ops>
	    </op_count>
	    <send out_id="1920" prob="1">
	      <byte_amount>
		<polynomial>
		  <param value="1" exp="0"/>
		</polynomial>
	      </byte_amount>
	    </send>
	    <next_state value="READY"/>
	  </exec_count>
	</trigger>
      </task>

      <task name="Multiplexing" id="20" class="general">
	<in_port id="2019"/>
	<out_port id="2031"/>
	<trigger>
	  <in_port id="2019"/>
	  <exec_count>
	    <op_count>
	      <int_ops>
		<polynomial>
		  <param value="1" exp="0"/>
		</polynomial>
	      </int_ops>
	    </op_count>
	    <send out_id="2031" prob="1">
	      <byte_amount>
		<polynomial>
		  <param value="1" exp="0"/>
		</polynomial>
	      </byte_amount>
	    </send>
	    <next_state value="READY"/>
	  </exec_count>
	</trigger>
      </task>

      <task name="Demultiplexing" id="21" class="general">
	<in_port id="2100"/>
	<out_port id="2119"/>
	<out_port id="2122"/>
	<out_port id="2125"/>
	<trigger>
	  <in_port id="2100"/>
	  <exec_count>
	    <op_count>
	      <int_ops>
		<polynomial>
		  <param value="1" exp="0"/>
		</polynomial>
	      </int_ops>
	    </op_count>
	    <send out_id="2119" prob="1">
	      <byte_amount>
		<polynomial>
		  <param value="1" exp="0"/>
		</polynomial>
	      </byte_amount>
	    </send>
	    <send out_id="2122" prob="1">
	      <byte_amount>
		<polynomial>
		  <param value="45" exp="0"/>
		</polynomial>
	      </byte_amount>
	    </send>
	    <send out_id="2125" prob="1">
	      <byte_amount>
		<polynomial>
		  <param value="200" exp="0"/>
		</polynomial>
	      </byte_amount>
	    </send>
	    <next_state value="READY"/>
	  </exec_count>
	</trigger>
      </task>

      <task name="VLD" id="22" class="general">
	<in_port id="2221"/>
	<out_port id="2223"/>
	<trigger>
	  <in_port id="2221"/>
	  <exec_count>
	    <op_count>
	      <int_ops>
		<polynomial>
		  <param value="1" exp="0"/>
		</polynomial>
	      </int_ops>
	    </op_count>
	    <send out_id="2223" prob="1">
	      <byte_amount>
		<polynomial>
		  <param value="62" exp="0"/>
		</polynomial>
	      </byte_amount>
	    </send>
	    <next_state value="READY"/>
	  </exec_count>
	</trigger>
      </task>
      
      <task name="MC2" id="23" class="general">
	<in_port id="2322"/>
	<in_port id="2324"/>
	<out_port id="2332"/>
	<trigger dependence_type="and">
	  <in_port id="2322"/>
	  <in_port id="2324"/>
	  <exec_count>
	    <op_count>
	      <int_ops>
		<polynomial>
		  <param value="1" exp="0"/>
		</polynomial>
	      </int_ops>
	    </op_count>
	    <send out_id="2332" prob="1">
	      <byte_amount>
		<polynomial>
		  <param value="1" exp="0"/>
		</polynomial>
	      </byte_amount>
	    </send>
	    <next_state value="READY"/>
	  </exec_count>
	</trigger>
      </task>

      <task name="FS4" id="24" class="general">
	<in_port id="2400"/>
	<out_port id="2423"/>
	<out_port id="2433"/>
	<trigger>
	  <in_port id="2400"/>
	  <exec_count>
	    <op_count>
	      <int_ops>
		<polynomial>
		  <param value="1" exp="0"/>
		</polynomial>
	      </int_ops>
	    </op_count>
	    <send out_id="2423" prob="1">
	      <byte_amount>
		<polynomial>
		  <param value="23620" exp="0"/>
		</polynomial>
	      </byte_amount>
	    </send>
	    <send out_id="2433" prob="1">
	      <byte_amount>
		<polynomial>
		  <param value="1" exp="0"/>
		</polynomial>
	      </byte_amount>
	    </send>
	    <next_state value="READY"/>
	  </exec_count>
	</trigger>
      </task>

      <task name="Huffman_Decoding_1" id="25" class="general">
	<in_port id="2521"/>
	<out_port id="2526"/>
	<out_port id="2527"/>
	<trigger>
	  <in_port id="2521"/>
	  <exec_count>
	    <op_count>
	      <int_ops>
		<polynomial>
		  <param value="1" exp="0"/>
		</polynomial>
	      </int_ops>
	    </op_count>
	    <send out_id="2526" prob="1">
	      <byte_amount>
		<polynomial>
		  <param value="1" exp="0"/>
		</polynomial>
	      </byte_amount>
	    </send>
	    <send out_id="2527" prob="1">
	      <byte_amount>
		<polynomial>
		  <param value="25" exp="0"/>
		</polynomial>
	      </byte_amount>
	    </send>
	    <next_state value="READY"/>
	  </exec_count>
	</trigger>
      </task>

      <task name="Huffman_Decoding_2" id="26" class="general">
	<in_port id="2625"/>
	<in_port id="2628"/>
	<out_port id="2629"/>
	<trigger dependence_type="and">
	  <in_port id="2625"/>
	  <in_port id="2628"/>
	  <exec_count>
	    <op_count>
	      <int_ops>
		<polynomial>
		  <param value="1" exp="0"/>
		</polynomial>
	      </int_ops>
	    </op_count>
	    <send out_id="2629" prob="1">
	      <byte_amount>
		<polynomial>
		  <param value="8833" exp="0"/>
		</polynomial>
	      </byte_amount>
	    </send>
	    <next_state value="READY"/>
	  </exec_count>
	</trigger>
      </task>

      <task name="Bit_reservoir_3" id="27" class="general">
	<in_port id="2725"/>
	<out_port id="2728"/>
	<trigger>
	  <in_port id="2725"/>
	  <exec_count>
	    <op_count>
	      <int_ops>
		<polynomial>
		  <param value="1" exp="0"/>
		</polynomial>
	      </int_ops>
	    </op_count>
	    <send out_id="2728" prob="1">
	      <byte_amount>
		<polynomial>
		  <param value="1" exp="0"/>
		</polynomial>
	      </byte_amount>
	    </send>
	    <next_state value="READY"/>
	  </exec_count>
	</trigger>
      </task>

      <task name="Bit_reservoir_4" id="28" class="general">
	<in_port id="2827"/>
	<out_port id="2826"/>
	<trigger>
	  <in_port id="2827"/>
	  <exec_count>
	    <op_count>
	      <int_ops>
		<polynomial>
		  <param value="1" exp="0"/>
		</polynomial>
	      </int_ops>
	    </op_count>
	    <send out_id="2826" prob="1">
	      <byte_amount>
		<polynomial>
		  <param value="8" exp="0"/>
		</polynomial>
	      </byte_amount>
	    </send>
	    <next_state value="READY"/>
	  </exec_count>
	</trigger>
      </task>

      <task name="IMDCT" id="29" class="general">
	<in_port id="2926"/>
	<out_port id="2930"/>
	<trigger>
	  <in_port id="2926"/>
	  <exec_count>
	    <op_count>
	      <int_ops>
		<polynomial>
		  <param value="1" exp="0"/>
		</polynomial>
	      </int_ops>
	    </op_count>
	    <send out_id="2930" prob="1">
	      <byte_amount>
		<polynomial>
		  <param value="1" exp="0"/>
		</polynomial>
	      </byte_amount>
	    </send>
	    <next_state value="READY"/>
	  </exec_count>
	</trigger>
      </task>

      <task name="SUM" id="30" class="general">
	<in_port id="3029"/>
	<out_port id="3016"/>
	<trigger>
	  <in_port id="3029"/>
	  <exec_count>
	    <op_count>
	      <int_ops>
		<polynomial>
		  <param value="1" exp="0"/>
		</polynomial>
	      </int_ops>
	    </op_count>
	    <send out_id="3016" prob="1">
	      <byte_amount>
		<polynomial>
		  <param value="2208" exp="0"/>
		</polynomial>
	      </byte_amount>
	    </send>
	    <next_state value="READY"/>
	  </exec_count>
	</trigger>
      </task>

      <task name="Synchronization_2" id="31" class="general">
	<in_port id="3116"/>
	<in_port id="3120"/>
	<in_port id="3132"/>
	<trigger dependence_type="and">
	  <in_port id="3116"/>
	  <in_port id="3120"/>
	  <in_port id="3132"/>
	  <exec_count>
	    <op_count>
	      <int_ops>
		<polynomial>
		  <param value="1" exp="0"/>
		</polynomial>
	      </int_ops>
	    </op_count>
	    <next_state value="READY"/>
	  </exec_count>
	</trigger>
      </task>

      <task name="ADD2" id="32" class="general">
	<in_port id="3223"/>
	<in_port id="3234"/>
	<out_port id="3231"/>
	<out_port id="3233"/>
	<trigger dependence_type="and">
	  <in_port id="3223"/>
	  <in_port id="3234"/>
	  <exec_count>
	    <op_count>
	      <int_ops>
		<polynomial>
		  <param value="1" exp="0"/>
		</polynomial>
	      </int_ops>
	    </op_count>
	    <send out_id="3231" prob="1">
	      <byte_amount>
		<polynomial>
		  <param value="20757" exp="0"/>
		</polynomial>
	      </byte_amount>
	    </send>
	    <send out_id="3233" prob="1">
	      <byte_amount>
		<polynomial>
		  <param value="20757" exp="0"/>
		</polynomial>
	      </byte_amount>
	    </send>
	    <next_state value="READY"/>
	  </exec_count>
	</trigger>
      </task>

      <task name="FS5" id="33" class="general">
	<in_port id="3324"/>
	<in_port id="3332"/>
	<trigger dependence_type="and">
	  <in_port id="3324"/>
	  <in_port id="3332"/>
	  <exec_count>
	    <op_count>
	      <int_ops>
		<polynomial>
		  <param value="1" exp="0"/>
		</polynomial>
	      </int_ops>
	    </op_count>
	    <next_state value="READY"/>
	  </exec_count>
	</trigger>
      </task>

      <task name="IDCT2" id="34" class="general">
	<in_port id="345"/>
	<in_port id="346"/>
	<out_port id="3432"/>
	<trigger dependence_type="and">
	  <in_port id="345"/>
	  <in_port id="346"/>
	  <exec_count>
	    <op_count>
	      <int_ops>
		<polynomial>
		  <param value="1" exp="0"/>
		</polynomial>
	      </int_ops>
	    </op_count>
	    <send out_id="3432" prob="1">
	      <byte_amount>
		<polynomial>
		  <param value="1148" exp="0"/>
		</polynomial>
	      </byte_amount>
	    </send>
	    <next_state value="READY"/>
	  </exec_count>
	</trigger>
      </task>

      <task name="FP2" id="35" class="general">
	<in_port id="350"/>
	<out_port id="3536"/>
	<out_port id="3537"/>
	<trigger>
	  <in_port id="350"/>
	  <exec_count>
	    <op_count>
	      <int_ops>
		<polynomial>
		  <param value="1" exp="0"/>
		</polynomial>
	      </int_ops>
	    </op_count>
	    <send out_id="3536" prob="1">
	      <byte_amount>
		<polynomial>
		  <param value="2207" exp="0"/>
		</polynomial>
	      </byte_amount>
	    </send>
	    <send out_id="3537" prob="1">
	      <byte_amount>
		<polynomial>
		  <param value="2207" exp="0"/>
		</polynomial>
	      </byte_amount>
	    </send>
	    <next_state value="READY"/>
	  </exec_count>
	</trigger>
      </task>

      <task name="Filter" id="36" class="general">
	<in_port id="3635"/>
	<out_port id="3639"/>
	<trigger>
	  <in_port id="3635"/>
	  <exec_count>
	    <op_count>
	      <int_ops>
		<polynomial>
		  <param value="1" exp="0"/>
		</polynomial>
	      </int_ops>
	    </op_count>
	    <send out_id="3639" prob="1">
	      <byte_amount>
		<polynomial>
		  <param value="1" exp="0"/>
		</polynomial>
	      </byte_amount>
	    </send>
	    <next_state value="READY"/>
	  </exec_count>
	</trigger>
      </task>

      <task name="FFT" id="37" class="general">
	<in_port id="3735"/>
	<out_port id="3738"/>
	<trigger>
	  <in_port id="3735"/>
	  <exec_count>
	    <op_count>
	      <int_ops>
		<polynomial>
		  <param value="1" exp="0"/>
		</polynomial>
	      </int_ops>
	    </op_count>
	    <send out_id="3738" prob="1">
	      <byte_amount>
		<polynomial>
		  <param value="1" exp="0"/>
		</polynomial>
	      </byte_amount>
	    </send>
	    <next_state value="READY"/>
	  </exec_count>
	</trigger>
      </task>

      <task name="PsychoAccoustic_Model" id="38" class="general">
	<in_port id="3837"/>
	<out_port id="3839"/>
	<trigger>
	  <in_port id="3837"/>
	  <exec_count>
	    <op_count>
	      <int_ops>
		<polynomial>
		  <param value="1" exp="0"/>
		</polynomial>
	      </int_ops>
	    </op_count>
	    <send out_id="3839" prob="1">
	      <byte_amount>
		<polynomial>
		  <param value="8425" exp="0"/>
		</polynomial>
	      </byte_amount>
	    </send>
	    <next_state value="READY"/>
	  </exec_count>
	</trigger>
      </task>

      <task name="MDCT" id="39" class="general">
	<in_port id="3936"/>
	<in_port id="3938"/>
	<out_port id="3913"/>
	<trigger dependence_type="and">
	  <in_port id="3936"/>
	  <in_port id="3938"/>
	  <exec_count>
	    <op_count>
	      <int_ops>
		<polynomial>
		  <param value="1" exp="0"/>
		</polynomial>
	      </int_ops>
	    </op_count>
	    <send out_id="3913" prob="1">
	      <byte_amount>
		<polynomial>
		  <param value="8828" exp="0"/>
		</polynomial>
	      </byte_amount>
	    </send>
	    <next_state value="READY"/>
	  </exec_count>
	</trigger>
      </task>

      <event_list>	
	<!-- Trigger 32000 times per second -->
	<event out_port_id="1000" amount="1" name="FP0_trigger" id="1" 
	       period="0.00003125" prob="1"/>
	<event out_port_id="90" amount="1" name="FS0_trigger" id="2" 
	       period="0.00003125" prob="1"/>
	<event out_port_id="210" amount="1" name="DMx_trigger" id="3" 
	       period="0.00003125" prob="1"/>
	<event out_port_id="240" amount="1" name="FS4_trigger" id="4" 
	       period="0.00003125" prob="1"/>
      </event_list>	

    
      <port_connection src="1000" dst="100"/>
      <port_connection src="90" dst="900"/>
      <port_connection src="210" dst="2100"/>
      <port_connection src="240" dst="2400"/>
      
      <port_connection src="1" dst="10"/>
      <port_connection src="35" dst="350"/>
      <port_connection src="12" dst="21"/>
      <port_connection src="17" dst="71"/>
      <port_connection src="23" dst="32"/>
      <port_connection src="25" dst="52"/>
      <port_connection src="34" dst="43"/>>
      <port_connection src="312" dst="123"/>
      <port_connection src="45" dst="54"/>
      <port_connection src="46" dst="64"/>
      <port_connection src="58" dst="85"/>
      <port_connection src="534" dst="345"/>
      <port_connection src="634" dst="346"/>
      <port_connection src="78" dst="87"/>
      <port_connection src="811" dst="118"/>
      <port_connection src="91" dst="19"/>
      <port_connection src="910" dst="109"/>
      <port_connection src="107" dst="710"/>
      <port_connection src="1011" dst="1110"/>
      <port_connection src="1213" dst="1312"/>
      <port_connection src="1219" dst="1912"/>
      <port_connection src="1314" dst="1413"/> 
      <port_connection src="1317" dst="1713"/>
      <port_connection src="1415" dst="1514"/>
      <port_connection src="1516" dst="1615"/>
      <port_connection src="1619" dst="1916"/>  
      <port_connection src="1631" dst="3116"/>
      <port_connection src="1718" dst="1817"/>
      <port_connection src="1814" dst="1418"/>
      <port_connection src="1920" dst="2019"/>
      <port_connection src="2031" dst="3120"/>
      <port_connection src="2119" dst="1921"/>
      <port_connection src="2122" dst="2221"/>
      <port_connection src="2125" dst="2521"/>
      <port_connection src="2223" dst="2322"/>
      <port_connection src="2332" dst="3223"/>
      <port_connection src="2423" dst="2324"/>
      <port_connection src="2433" dst="3324"/>
      <port_connection src="2526" dst="2625"/>
      <port_connection src="2527" dst="2725"/>
      <port_connection src="2629" dst="2926"/>
      <port_connection src="2728" dst="2827"/>
      <port_connection src="2826" dst="2628"/>
      <port_connection src="2930" dst="3029"/>
      <port_connection src="3016" dst="1630"/>
      <port_connection src="3231" dst="3132"/>
      <port_connection src="3233" dst="3332"/>
      <port_connection src="3432" dst="3234"/>
      <port_connection src="3536" dst="3635"/>
      <port_connection src="3537" dst="3735"/>
      <port_connection src="3639" dst="3936"/>
      <port_connection src="3738" dst="3837"/>
      <port_connection src="3839" dst="3938"/>
      <port_connection src="3913" dst="1339"/>

    </task_graph>
    
  </application>

  
  <!-- ************************************************************* -->
  <!-- * MAPPING                                                   * -->
  <!-- ************************************************************* -->


  <mapping>
    <resource name="DSP2" id="0" contents="mutable">
      <sw_platform position="movable" id="0" contents="mutable">
	<group position="movable" name="g0" id="0" contents="mutable"> 	  	  
	  <task position="movable" name="Q" id="3"/>
	  <task position="movable" name="IQ1" id="4"/>
	  <task position="movable" name="IQ2" id="6"/>
	</group>
      </sw_platform>
    </resource>

    <resource name="DSP4" id="1" contents="mutable">
      <sw_platform position="movable" id="1" contents="mutable">
	<group position="movable" name="g2" id="1" contents="mutable">
	  <task position="movable" name="VLD" id="22"/>
	</group>
      </sw_platform>
    </resource>

    <resource name="DSP6" id="2" contents="mutable">
      <sw_platform position="movable" id="2" contents="mutable">
	<group position="movable" name="g3" id="2" contents="mutable">
	  <task position="movable" name="Filter" id="36"/>
	  <task position="movable" name="MDCT" id="39"/>
	</group>
      </sw_platform>
    </resource>

    <resource name="DSP5" id="3" contents="mutable">
      <sw_platform position="movable" id="3" contents="mutable">
	<group position="movable" name="g4" id="3" contents="mutable">
	  <task position="movable" name="FFT" id="37"/>
	  <task position="movable" name="PsychoAccoustic_Model" id="38"/>
	</group>
      </sw_platform>
    </resource>

    <resource name="ASIC2" id="4" contents="mutable">
      <sw_platform position="movable" id="4" contents="mutable">
	<group position="movable" name="g1" id="4" contents="mutable">
	  <task position="VLE" id="12"/>
	  <task position="Iterative_Encoding_1" id="13"/>
	  <task position="Iterative_Encoding_2" id="14"/>
	</group>
      </sw_platform>
    </resource>

    <resource name="DSP1" id="5" contents="mutable">
      <sw_platform position="movable" id="5" contents="mutable">
	<group position="movable" name="g2" id="5" contents="mutable">
	  <task position="movable" name="DCT" id="2"/>
	  <task position="movable" name="IDCT_1" id="5"/>
	  <task position="movable" name="IDCT_2" id="34"/>
	</group>
      </sw_platform>
    </resource>

    <resource name="ASIC4" id="6" contents="mutable">
      <sw_platform position="movable" id="6" contents="mutable">
	<group position="movable" name="g3" id="6" contents="mutable">
	  <task position="movable" name="ME" id="1"/>
	</group>
      </sw_platform>
    </resource>

    <resource name="DSP3" id="7" contents="mutable">
      <sw_platform position="movable" id="7" contents="mutable">
	<group position="movable" name="g4" id="7" contents="mutable">
	  <task position="movable" name="FP1" id="0"/>
	  <task position="movable" name="FP2" id="35"/>
	</group>
      </sw_platform>
    </resource>

    <resource name="MEM2" id="8" contents="mutable">
      <sw_platform position="movable" id="8" contents="mutable">
	<group position="movable" name="g1" id="8" contents="mutable">
	  <task position="movable" name="Buffering_1" id="15"/>
	  <task position="movable" name="Buffering_2" id="16"/>
	</group>
      </sw_platform>
    </resource>

    <resource name="ASIC3" id="9" contents="mutable">
      <sw_platform position="movable" id="9" contents="mutable">
	<group position="movable" name="g2" id="9" contents="mutable">
	  <task position="movable" name="Demultiplexing" id="21"/>
	  <task position="movable" name="Synchronization_1" id="19"/>
	  <task position="movable" name="Multiplexing" id="20"/>
	  <task position="movable" name="Synchronization_2" id="31"/>
	</group>
      </sw_platform>
    </resource>

    <resource name="CPU" id="10" contents="mutable">
      <sw_platform position="movable" id="10" contents="mutable">
	<group position="movable" name="g3" id="10" contents="mutable">
	  <task position="movable" name="MC1" id="7"/>
	  <task position="movable" name="ADD1" id="8"/>
	  <task position="movable" name="MC2" id="23"/>
	  <task position="movable" name="ADD2" id="32"/>
	</group>
      </sw_platform>
    </resource>

    <resource name="MEM1" id="11" contents="mutable">
      <sw_platform position="movable" id="11" contents="mutable">
	<group position="movable" name="g4" id="11" contents="mutable">
	  <task position="movable" name="FS0" id="9"/>
	  <task position="movable" name="FS1" id="10"/>
	  <task position="movable" name="FS2" id="11"/>
	</group>
      </sw_platform>
    </resource>

    <resource name="ASIC1" id="12" contents="mutable">
      <sw_platform position="movable" id="12" contents="mutable">
	<group position="movable" name="g1" id="12" contents="mutable">
	  <task position="movable" name="Bit_Reservoir_1" id="17"/>
	  <task position="movable" name="Bit_Reservoir_2" id="18"/>
	  <task position="movable" name="Bit_Reservoir_3" id="27"/>
	  <task position="movable" name="Bit_Reservoir_4" id="28"/>
	</group>
      </sw_platform>
    </resource>

    <resource name="DSP8" id="13" contents="mutable">
      <sw_platform position="movable" id="13" contents="mutable">
	<group position="movable" name="g2" id="13" contents="mutable">
	  <task position="movable" name="Huffman_Decoding_1" id="25"/>
	  <task position="movable" name="Huffman_Decoding_2" id="26"/>
	</group>
      </sw_platform>
    </resource>

    <resource name="DSP7" id="14" contents="mutable">
      <sw_platform position="movable" id="14" contents="mutable">
	<group position="movable" name="g3" id="14" contents="mutable">
	  <task position="movable" name="IMDCT" id="29"/>
	  <task position="movable" name="SUM" id="30"/>
	</group>
      </sw_platform>
    </resource>

    <resource name="MEM3" id="15" contents="mutable">
      <sw_platform position="movable" id="15" contents="mutable">
	<group position="movable" name="g4" id="15" contents="mutable">
	  <task position="movable" name="FS4" id="24"/>
	  <task position="movable" name="FS5" id="33"/>
	</group>
      </sw_platform>
    </resource>


  </mapping>

  
  <!-- ************************************************************* -->
  <!-- * PLATFORM                                                  * -->
  <!-- ************************************************************* -->

  
  <platform> 
    <resource_list>

      <!-- packet and buffer sizes in bytes -->
      <resource id="0" name="DSP2" frequency="500" type="CPU_TYPE_1"
		rx_buffer_size="0" tx_buffer_size="0" 
		packet_size="8">		
      </resource>
      
      <resource id="1" name="DSP4" frequency="500" type="CPU_TYPE_1"
		rx_buffer_size="0" tx_buffer_size="0" 
		packet_size="8">
      </resource>

      <resource id="2" name="DSP6" frequency="500" type="CPU_TYPE_1"
		rx_buffer_size="0" tx_buffer_size="0" 
		packet_size="8">
      </resource>
      
      <resource id="3" name="DSP5" frequency="500" type="CPU_TYPE_1"
		rx_buffer_size="0" tx_buffer_size="0" 
		packet_size="8">
      </resource>

      <resource id="4" name="ASIC2" frequency="500" type="CPU_TYPE_1"
		rx_buffer_size="0" tx_buffer_size="0" 
		packet_size="8">
      </resource>

      <resource id="5" name="DSP1" frequency="500" type="CPU_TYPE_1"
		rx_buffer_size="0" tx_buffer_size="0" 
		packet_size="8">
      </resource>
      
      <resource id="6" name="ASIC4" frequency="500" type="CPU_TYPE_1"
		rx_buffer_size="0" tx_buffer_size="0" 
		packet_size="8">
      </resource>

      <resource id="7" name="DSP3" frequency="500" type="CPU_TYPE_1"
		rx_buffer_size="0" tx_buffer_size="0" 
		packet_size="8">
      </resource>

      <resource id="8" name="MEM2" frequency="500" type="CPU_TYPE_1"
		rx_buffer_size="0" tx_buffer_size="0" 
		packet_size="8">
      </resource>

      <resource id="9" name="ASIC3" frequency="500" type="CPU_TYPE_1"
		rx_buffer_size="0" tx_buffer_size="0" 
		packet_size="8">
      </resource>

      <resource id="10" name="CPU" frequency="500" type="CPU_TYPE_1"
		rx_buffer_size="0" tx_buffer_size="0" 
		packet_size="8">
      </resource>

      <resource id="11" name="MEM1" frequency="500" type="CPU_TYPE_1"
		rx_buffer_size="0" tx_buffer_size="0" 
		packet_size="8">
      </resource>

      <resource id="12" name="ASIC1" frequency="500" type="CPU_TYPE_1"
		rx_buffer_size="0" tx_buffer_size="0" 
		packet_size="8">
      </resource>

      <resource id="13" name="DSP8" frequency="500" type="CPU_TYPE_1"
		rx_buffer_size="0" tx_buffer_size="0" 
		packet_size="8">
      </resource>

      <resource id="14" name="DSP7" frequency="500" type="CPU_TYPE_1"
		rx_buffer_size="0" tx_buffer_size="0" 
		packet_size="8">
      </resource>

      <resource id="15" name="MEM3" frequency="500" type="CPU_TYPE_1"
		rx_buffer_size="0" tx_buffer_size="0" 
		packet_size="8">
      </resource>
      
    </resource_list>
        
  </platform>

  <constraints>
    <!-- 
	 NoCs:  <class> : <types>
	 
	 mesh_2d    : sc_rtl_1, sc_rtl_2, vhd, sc_tlm_1, sc_ocp_tl3_1
	 simple_bus : sc_tlm_1
	 
      -->    
    <noc class="mesh_2d" type="sc_tlm_1" subtype="4x4"/>


    <!-- Seed for random number generator, comment out for random seed -->
    <rng_seed       value="42"/>

    <!-- Used in standalone mode, not with e.g. Modelsim -->
    <sim_resolution time="1.0"   unit="ns"/>
    <sim_length     time="150"   unit="ms"/>

    <!-- interval between measurements 
	 (both averages and snapshots) -->
    <measurements   time="1.0"   unit="ms"/>   

    <!-- true if using Execution Monitor,
	 uncomment or set false to disable,
	 not effect if TG is not compiled with USE_EXECMON flag -->
    <log_exec_mon file="log_execmon.txt"/>


    <!-- Path to PE lib file -->
    <pe_lib         file="examples/pe_lib.xml"/>

    <!-- Paths to log files, comment out to disable logging -->
    <log_packet      file="log_packet.csv"/>
    <log_token       file="log_token.csv"/>
    <log_summary     file="log_summary.csv"/>
    <log_pe          file="log_pe.csv"/>
    <log_app         file="log_app.csv"/>
    
    <cost_function   func="tc_1"/>
    <cost_function   func="tc_2"/>
    <cost_function   func="tc_3"/>
    <cost_function   func="tc_4"/>
    <cost_function   func="tc_5"/>
    <cost_function   func="tc_6"/>
    <cost_function   func="tc_7"/>
    <cost_function   func="tc_8"/>
    <cost_function   func="tc_9"/>
    <cost_function   func="tc_10"/>
    <cost_function   func="tc_11"/>
    <cost_function   func="tc_12"/>   
    <cost_function   func="tc_13"/>
    <cost_function   func="tc_14"/>
    <cost_function   func="tc_15"/>
    <cost_function   func="pu_avg"/>
    

  </constraints>
  
  </system>
  
