<!-- ************************************************************************** -->
<!--  Copyright 2011 Tampere University of Technology                           -->
<!--                                                                            -->
<!--  This file is part of Transaction Generator.                               -->
<!--                                                                            -->
<!--  Transaction Generator is free software: you can redistribute it and/or    -->
<!--  modify it under the terms of the Lesser GNU General Public License as     -->
<!--  published by the Free Software Foundation, either version 3 of the        -->
<!--  License, or (at your option) any later version.                           -->
<!--                                                                            -->
<!--  Transaction Generator is distributed in the hope that it will be useful,  -->
<!--  but WITHOUT ANY WARRANTY; without even the implied warranty of            -->
<!--  MERCHANTABILITY or FITNESS FOR A PARTICULAR PURPOSE.  See the             -->
<!--  Lesser GNU General Public License for more details.                       -->
<!--                                                                            -->
<!--  You should have received a copy of the Lesser GNU General Public Licenes  -->
<!--  along with Transaction Generator. If not, see                             -->
<!--  <http://www.gnu.org/licenses/>.                                           -->
<!--                                                                            -->
<!-- ************************************************************************** -->


<!-- ************************************************************************** -->
<!-- Channel Equalizer Model                                                    -->
<!-- Author:   Esko Pekkarinen, Department of Computer Systems,                 -->
<!--           Tampere University of Technology                                 -->
<!-- Modified: 23.05.2011                                                       -->
<!-- Based on: "Evaluation of the throughput computed with a dataflow model     -->
<!--            - A case study", Arno Moonen, Marco Bekooij Rene van den Berg,  -->
<!--           Jef van Meerbergen.                                              -->
<!--	       ES Reports, ESR-2007-01, ISSN 1574-9517, 9 March 2007            -->
<!--           www.es.ele.tue.nl/esreports/esr-2007-01.pdf                      -->
<!--                                                                            -->
<!--           Tasks      12, op_counts: yes                                    -->
<!--           Events     3                                                     -->
<!--           Resources  4                                                     -->
<!--                                                                            -->
<!-- ************************************************************************** -->
<?xml version='1.0'?>
<!DOCTYPE system>
<system xmlns:xsi="http://www.w3.org/2001/XMLSchema-instance" 
	xsi:noNamespaceSchemaLocation="C:/koski/lib/UML_PA~1/../../koskigui/XSM_CO~1.XSD">
  <xsm_version value="4"/>
  
  <application>
    <task_graph>  
     
      <task name="Adc" id="1" class="general">
	<in_port id="10"/>
	<out_port id="15"/>
	<trigger>
	  <in_port id="10"/>
	  <exec_count>
	    <op_count>
	      <int_ops>
		<polynomial>
		  <param value="1" exp="0"/>
		</polynomial>
	      </int_ops>
	    </op_count>
	    <send out_id="15" prob="1">
	      <byte_amount>
		<polynomial>
		  <param value="8" exp="0"/>
		</polynomial>
	      </byte_amount>
	    </send>
	    <next_state value="READY"/>
	  </exec_count>
	</trigger>
      </task>
      
      <task  name="Load" id="2" class="general">
	<in_port id="20"/>
	<out_port id="25"/>
	<out_port id="26"/>
	<out_port id="27"/>
	<trigger>
	  <in_port id="20"/>
	  <exec_count mod_phase="0" mod_period="8">
            <!-- Send to absx and norm every 8th time -->
	    <op_count>
	      <int_ops>
		<polynomial>
		  <param value="112" exp="1"/>
		</polynomial>
	      </int_ops>
	    </op_count>
	    <send out_id="25" prob="1">
	      <byte_amount>
		<polynomial>
		  <param value="16" exp="0"/>
		</polynomial>
	      </byte_amount>
	    </send>
	    <send out_id="27" prob="1">
	      <byte_amount>
		<polynomial>
		  <param value="16" exp="0"/>
		</polynomial>
	      </byte_amount>
	    </send>
	  </exec_count>
	  <exec_count min="1" max="7" mod_period="8">
            <!-- Send to avg and norm 7 times out of 8 -->
	    <op_count>
	      <int_ops>
		<polynomial>
		  <param value="112" exp="1"/>
		</polynomial>
	      </int_ops>
	    </op_count>
	    <send out_id="26" prob="1">
	      <byte_amount>
		<polynomial>
		  <param value="16" exp="0"/>
		</polynomial>
	      </byte_amount>
	    </send>
	    <send out_id="27" prob="1">
	      <byte_amount>
		<polynomial>
		  <param value="16" exp="0"/>
		</polynomial>
	      </byte_amount>
	    </send>
	    <next_state value="READY"/>
	  </exec_count>
	</trigger>
      </task>
      
      <task  name="Absx" id="3" class="general">
	<in_port id="30"/>
	<out_port id="35"/>
	<trigger>
	  <in_port id="30"/>
	  <exec_count>
	    <op_count>
	      <int_ops>
		<polynomial>
		  <param value="72" exp="0"/>
		</polynomial>
	      </int_ops>
	    </op_count>
	    <send out_id="35" prob="1">
	      <byte_amount>
		<polynomial>
		  <param value="16" exp="0"/>
		</polynomial>
	      </byte_amount>
	    </send>
	    <next_state value="READY"/>
	  </exec_count>
	</trigger>
      </task>
      
      <task  name="Avg" id="4" class="general">
	<in_port id="40"/>
	<in_port id="41"/>
	<in_port id="43"/>
	<out_port id="45"/>
	<out_port id="46"/>
	<out_port id="47"/>
	<trigger dependence_type="and">
	  <in_port id="41"/>
	  <in_port id="43"/>
	  <exec_count>
	    <op_count>
	      <int_ops>
		<polynomial>
		  <param value="352" exp="0"/>
		</polynomial>
	      </int_ops>
	    </op_count>
	    <send out_id="45" prob="1">
	      <byte_amount>
		<polynomial>
		  <param value="16" exp="0"/>
		</polynomial>
	      </byte_amount>
	    </send>
	    <send out_id="47" prob="1">
	      <byte_amount>
		<polynomial>
		  <param value="16" exp="0"/>
		</polynomial>
	      </byte_amount>
	    </send>
	    <next_state value="READY"/>
	  </exec_count>
	</trigger>
	<trigger dependence_type="and">
	  <in_port id="40"/>
	  <in_port id="43"/>
	  <exec_count>
	    <op_count>
	      <int_ops>
		<polynomial>
		  <param value="208" exp="0"/>
		</polynomial>
	      </int_ops>
	    </op_count>
	    <send out_id="46" prob="1">
	      <byte_amount>
		<polynomial>
		  <param value="16" exp="0"/>
		</polynomial>
	      </byte_amount>
	    </send>
	    <send out_id="47" prob="1">
	      <byte_amount>
		<polynomial>
		  <param value="16" exp="0"/>
		</polynomial>
	      </byte_amount>
	    </send>
	    <next_state value="READY"/>
	  </exec_count>
	</trigger>
      </task>
      
      <task  name="Log" id="5" class="general">
	<in_port id="50"/>
	<out_port id="55"/>
	<trigger>
	  <in_port id="50"/>
	  <exec_count>
	    <op_count>
	      <int_ops>
		<polynomial>
		  <param value="72" exp="0"/>
		</polynomial>
	      </int_ops>
	    </op_count>
	    <send out_id="55" prob="1">
	      <byte_amount>
		<polynomial>
		  <param value="16" exp="0"/>
		</polynomial>
	      </byte_amount>
	    </send>
	    <next_state value="READY"/>
	  </exec_count>
	</trigger>
      </task>

      <task  name="Lvl" id="6" class="general">
	<in_port id="60"/>
	<in_port id="61"/>
	<out_port id="65"/>
	<out_port id="66"/>
	<trigger>
	  <in_port id="61"/>
	  <exec_count>
	    <op_count>
	      <int_ops>
		<polynomial>
		  <param value="220" exp="0"/>
		</polynomial>
	      </int_ops>
	    </op_count>
	    <send out_id="65" prob="1">
	      <byte_amount>
		<polynomial>
		  <param value="16" exp="0"/>
		</polynomial>
	      </byte_amount>
	    </send>
	    <send out_id="66" prob="1">
	      <byte_amount>
		<polynomial>
		  <param value="16" exp="0"/>
		</polynomial>
	      </byte_amount>
	    </send>
	    <next_state value="READY"/>
	  </exec_count>
	</trigger>
	<trigger>
	  <in_port id="60"/>
	  <exec_count>
	    <op_count>
	      <int_ops>
		<polynomial>
		  <param value="12" exp="0"/>
		</polynomial>
	      </int_ops>
	    </op_count>
	    <send out_id="65" prob="1">
	      <byte_amount>
		<polynomial>
		  <param value="16" exp="0"/>
		</polynomial>
	      </byte_amount>
	    </send>
	    <send out_id="66" prob="1">
	      <byte_amount>
		<polynomial>
		  <param value="16" exp="0"/>
		</polynomial>
	      </byte_amount>
	    </send>
	    <next_state value="READY"/>
	  </exec_count>
	</trigger>
      </task>

      <task  name="Norm" id="7" class="general">
	<in_port id="70"/>
	<in_port id="71"/>
	<out_port id="75"/>
	<out_port id="76"/>
	<trigger dependence_type="and" >
	  <in_port id="71"/>
	  <in_port id="70"/>
	  <exec_count>
	    <op_count>
	      <int_ops>
		<polynomial>
		  <param value="164" exp="0"/>
		</polynomial>
	      </int_ops>
	    </op_count>
	    <send out_id="75" prob="1">
	      <byte_amount>
		<polynomial>
		  <param value="16" exp="0"/>
		</polynomial>
	      </byte_amount>
	    </send>
	    <send out_id="76" prob="1">
	      <byte_amount>
		<polynomial>
		  <param value="12" exp="0"/>
		</polynomial>
	      </byte_amount>
	    </send>
	    <next_state value="READY"/>
	  </exec_count>
	</trigger>
      </task>

      <task  name="Cu" id="8" class="general">
	<in_port id="80"/>
	<in_port id="81"/>
	<in_port id="82"/>
	<in_port id="83"/>
	<in_port id="84"/>
	<in_port id="85"/>
	<out_port id="86"/>
	<out_port id="87"/>
	<trigger>
	  <in_port id="80"/>
	  <exec_count>
	    <op_count>
	      <int_ops>
		<polynomial>
		  <param value="1" exp="0"/>
		</polynomial>
	      </int_ops>
	    </op_count>
	    <send out_id="87" prob="1">
	      <byte_amount>
		<polynomial>
		  <param value="1" exp="0"/>
		</polynomial>
	      </byte_amount>
	    </send>
	    <next_state value="READY"/>
	  </exec_count>
	</trigger>
	<trigger dependence_type="and" >
	  <in_port id="81"/>
	  <in_port id="82"/>
	  <in_port id="83"/>
	  <in_port id="84"/>
	  <in_port id="85"/>
	  <exec_count mod_phase="0" mod_period="8">
	    <op_count>
	      <int_ops>
		<polynomial>
		  <param value="2472" exp="0"/>
		</polynomial>
	      </int_ops>
	    </op_count>
	    <send out_id="87" prob="1">
	      <byte_amount>
		<polynomial>
		  <param value="16" exp="0"/>
		</polynomial>
	      </byte_amount>
	    </send>
	    <send out_id="86" prob="1">
	      <byte_amount>
		<polynomial>
		  <param value="68" exp="0"/>
		</polynomial>
	      </byte_amount>
	    </send>
	    <next_state value="READY"/>
	  </exec_count>
	  <exec_count mod_phase="1" mod_period="8">
	    <op_count>
	      <int_ops>
		<polynomial>
		  <param value="3824" exp="0"/>
		</polynomial>
	      </int_ops>
	    </op_count>
	    <send out_id="86" prob="1">
	      <byte_amount>
		<polynomial>
		  <param value="68" exp="0"/>
		</polynomial>
	      </byte_amount>
	    </send>
	    <send out_id="87" prob="1">
	      <byte_amount>
		<polynomial>
		  <param value="16" exp="0"/>
		</polynomial>
	      </byte_amount>
	    </send>
	    <next_state value="READY"/>
	  </exec_count>
	  <exec_count min="2" max="7" mod_period="8">
	    <op_count>
	      <int_ops>
		<polynomial>
		  <param value="2472" exp="0"/>
		</polynomial>
	      </int_ops>
	    </op_count>
	    <send out_id="87" prob="1">
	      <byte_amount>
		<polynomial>
		  <param value="16" exp="0"/>
		</polynomial>
	      </byte_amount>
	    </send>
	    <send out_id="86" prob="1">
	      <byte_amount>
		<polynomial>
		  <param value="68" exp="0"/>
		</polynomial>
	      </byte_amount>
	    </send>
	    <next_state value="READY"/>
	  </exec_count>
	</trigger>
      </task>

      <task  name="Fir" id="9" class="general">
	<in_port id="90"/>
	<in_port id="91"/>
	<out_port id="95"/>
	<trigger dependence_type="and" >
	  <in_port id="91"/>
	  <in_port id="90"/>
	  <exec_count>
	    <op_count>
	      <int_ops>
		<polynomial>
		  <param value="72" exp="0"/>
		</polynomial>
	      </int_ops>
	    </op_count>
	    <send out_id="95" prob="1">
	      <byte_amount>
		<polynomial>
		  <param value="16" exp="0"/>
		</polynomial>
	      </byte_amount>
	    </send>
	    <next_state value="READY"/>
	  </exec_count>
	</trigger>
      </task>

      <task  name="Cf" id="10" class="general">
	<in_port id="100"/>
	<in_port id="101"/>
	<out_port id="105"/>
	<out_port id="106"/>
	<out_port id="107"/>
	<trigger>
	  <in_port id="100"/>
	  <exec_count>
	    <op_count>
	      <int_ops>
		<polynomial>
		  <param value="1" exp="0"/>
		</polynomial>
	      </int_ops>
	    </op_count>
	    <send out_id="106" prob="1">
	      <byte_amount>
		<polynomial>
		  <param value="1" exp="0"/>
		</polynomial>
	      </byte_amount>
	    </send>
	    <send out_id="105" prob="1">
	      <byte_amount>
		<polynomial>
		  <param value="1" exp="0"/>
		</polynomial>
	      </byte_amount>
	    </send>
	    <next_state value="READY"/>
	  </exec_count>
	</trigger>
	<trigger>
	  <in_port id="101"/>
	  <exec_count>
	    <op_count>
	      <int_ops>
		<polynomial>
		  <param value="164" exp="0"/>
		</polynomial>
	      </int_ops>
	    </op_count>
	    <send out_id="106" prob="1">
	      <byte_amount>
		<polynomial>
		  <param value="16" exp="0"/>
		</polynomial>
	      </byte_amount>
	    </send>
	    <send out_id="105" prob="1">
	      <byte_amount>
		<polynomial>
		  <param value="16" exp="0"/>
		</polynomial>
	      </byte_amount>
	    </send>
	    <send out_id="107" prob="1">
	      <byte_amount>
		<polynomial>
		  <param value="8" exp="0"/>
		</polynomial>
	      </byte_amount>
	    </send>
	    <next_state value="READY"/>
	  </exec_count>
	</trigger>
      </task>

      <task  name="Absy" id="11" class="general">
	<in_port id="110"/>
	<out_port id="115"/>
	<trigger>
	  <in_port id="110"/>
	  <exec_count mod_phase="0">
	    <op_count>
	      <int_ops>
		<polynomial>
		  <param value="1" exp="0"/>
		</polynomial>
	      </int_ops>
	    </op_count>
	    <send out_id="115" prob="1">
	      <byte_amount>
		<polynomial>
		  <param value="1" exp="0"/>
		</polynomial>
	      </byte_amount>
	    </send>
	    <next_state value="READY"/>
	  </exec_count>
	  <exec_count min="1">
	    <op_count>
	      <int_ops>
		<polynomial>
		  <param value="72" exp="0"/>
		</polynomial>
	      </int_ops>
	    </op_count>
	    <send out_id="115" prob="1">
	      <byte_amount>
		<polynomial>
		  <param value="16" exp="0"/>
		</polynomial>
	      </byte_amount>
	    </send>
	    <next_state value="READY"/>
	  </exec_count>
	</trigger>
      </task>

      <task  name="Rad" id="12" class="general">
	<in_port id="120"/>
	<trigger>
	  <in_port id="120"/>
	  <exec_count>
	    <op_count>
	      <int_ops>
		<polynomial>
		  <param value="1" exp="0"/>
		</polynomial>
	      </int_ops>
	    </op_count>
	    <next_state value="READY"/>
	  </exec_count>
	</trigger>
      </task>
      

      <event_list>		
	<event out_port_id="1000" amount="1" name="Analog_input" id="1" 
	       offset="0.00000007" count="8"   period="0.000006493" prob="1.0"/> 
	<event out_port_id="800" amount="1" name="init_cu" id="2" 
	       count="1" prob="1.0"/>
	<event out_port_id="1010" amount="1" name="init_cf" id="3" 
	       count="1" prob="1.0"/>	
      </event_list>
      

      
      <!-- events to tasks -->
      <port_connection src="1000" dst="10"/>
      <port_connection src="800" dst="80"/>
      <port_connection src="1010" dst="100"/>

      <!-- between tasks -->
      <port_connection src="15" dst="20"/>
      <port_connection src="25" dst="30"/>
      <port_connection src="26" dst="40"/>
      <port_connection src="27" dst="71"/>

      <port_connection src="35" dst="41"/>
      <port_connection src="45" dst="50"/>
      <port_connection src="46" dst="60"/>
      <port_connection src="47" dst="81"/>

      <port_connection src="55" dst="61"/>
      <port_connection src="65" dst="70"/>
      <port_connection src="66" dst="82"/>

      <port_connection src="75" dst="83"/>
      <port_connection src="76" dst="91"/>
      <port_connection src="86" dst="90"/>
      <port_connection src="87" dst="43"/>

      <port_connection src="95" dst="101"/>
      <port_connection src="105" dst="84"/>
      <port_connection src="106" dst="110"/>
      <port_connection src="107" dst="120"/>

      <port_connection src="115" dst="85"/>
      
    </task_graph>
    
  </application>
  
  
  <!-- ************************************************************* -->
  <!-- * MAPPING                                                   * -->
  <!-- ************************************************************* -->


  <mapping>
    <resource name="adc" id="0" contents="mutable">
      <sw_platform position="movable" id="0" contents="mutable">
	<group position="movable" name="g0" id="0" contents="mutable"> 	  	  
	  <task position="movable" name="Adc" id="1"/>
	  <task position="movable" name="Rad" id="12"/>
	</group>
      </sw_platform>
    </resource>

    <resource name="proc" id="1" contents="mutable">
      <sw_platform position="movable" id="1" contents="mutable">
	<group position="movable" name="g2" id="1" contents="mutable">
	  <task position="movable" name="Load" id="2"/>	
	  <task position="movable" name="Avg" id="4"/>
	  <task position="movable" name="Lvl" id="6"/>
	  <task position="movable" name="Cf" id="10"/>
	  <task position="movable" name="Norm" id="7"/>
	  <task position="movable" name="Cu" id="8"/>	
	</group>
      </sw_platform>
    </resource>

    <resource name="fir" id="2" contents="mutable">
      <sw_platform position="movable" id="2" contents="mutable">
	<group position="movable" name="g3" id="2" contents="mutable">
	  <task position="movable" name="Fir" id="9"/>
	</group>
      </sw_platform>
    </resource>

    <resource name="cordic" id="3" contents="mutable">
      <sw_platform position="movable" id="3" contents="mutable">
	<group position="movable" name="g4" id="3" contents="mutable">
	  <task position="movable" name="Absx" id="3"/>
	  <task position="movable" name="Absy" id="11"/>
	  <task position="movable" name="Log" id="5"/>
	</group>
      </sw_platform>
    </resource>
    
  </mapping>
  
  
  <!-- ************************************************************* -->
  <!-- * PLATFORM                                                  * -->
  <!-- ************************************************************* -->

  
  <platform> 
    <resource_list>

      <!-- packet and buffer sizes in bytes -->
      <!-- Operation counts based on 500 MHz CPU freq -->
      <resource id="0" name="adc" frequency="500" type="CPU_TYPE_1"
		rx_buffer_size="0" tx_buffer_size="0" 
		packet_size="8">		
      </resource>
      
      <resource id="1" name="proc" frequency="500" type="CPU_TYPE_1"
		rx_buffer_size="0" tx_buffer_size="0" 
		packet_size="8">
      </resource>

      <resource id="2" name="fir" frequency="500" type="CPU_TYPE_1"
		rx_buffer_size="0" tx_buffer_size="0" 
		packet_size="8">
      </resource>
      
      <resource id="3" name="cordic" frequency="500" type="CPU_TYPE_1"
		rx_buffer_size="0" tx_buffer_size="0" 
		packet_size="8">
      </resource>
      
    </resource_list>
    


  </platform>

  <constraints>
    <!-- 
	 NoCs:  <class> : <types>
	        mesh_2d    : sc_rtl_1, sc_rtl_2, vhd, sc_tlm_1, sc_ocp_tl3_1
		simple_bus : sc_tlm_1
    -->

    <noc class="mesh_2d" type="sc_rtl_1" subtype="2x2"/>

    <!-- Seed for random number generator, comment out for random seed -->
    <rng_seed       value="42"/>

    <!-- Used in standalone mode, not with e.g. Modelsim -->
    <sim_resolution time="1.0"   unit="ns"/>
    <sim_length     time="400"   unit="us"/>

    <!-- interval between measurements 
	 (both averages and snapshots) -->
    <measurements   time="10"   unit="us"/>   

    <!-- true if using Execution Monitor,
	 uncomment or set false to disable,
	 not effect if TG is not compiled with USE_EXECMON flag -->
    <log_exec_mon file="log_execmon.txt"/>

    <!--path_measurement src="106" dst="85"/-->
    <path_measurement src="15" dst="120"/>
    <task_measurement task="12" count="8"/>

    <!-- Path to PE lib file -->
    <pe_lib         file="examples/pe_lib.xml"/>

    <!-- Paths to log files, comment out to disable logging -->
    <log_packet      file="log_packet.csv"/>
    <log_token       file="log_token.csv"/>
    <log_summary     file="log_summary.csv"/>
    <log_pe          file="log_pe.csv"/>
    <log_app         file="log_app.csv"/>
  
    <!-- Task counts, initializations omitted -->
    <cost_function   func="tc_Adc"/>
    <cost_function   func="tc_Load"/>
    <cost_function   func="tc_Absx"/>
    <cost_function   func="tc_Avg"/>
    <cost_function   func="tc_Log"/>
    <cost_function   func="tc_Lvl"/>
    <cost_function   func="tc_Norm"/>
    <cost_function   func="tc_Cu-1"/>
    <cost_function   func="tc_Fir"/>
    <cost_function   func="tc_Cf-1"/>
    <cost_function   func="tc_Absy-1"/>
    <cost_function   func="tc_Rad"/>      

    <!-- Channel latencies -->
    <cost_function   func="latf_15_20_max"/>
    <cost_function   func="latf_25_30_max"/>
    <cost_function   func="latf_35_41_max"/>
    <cost_function   func="latf_45_50_max"/>
    <cost_function   func="latf_55_61_max"/>
    <cost_function   func="latf_106_110_max"/>
    <cost_function   func="latf_115_85_max"/>
    <cost_function   func="latf_76_91_max"/>
    <cost_function   func="latf_86_90_max"/>
    <cost_function   func="latf_95_101_max"/>
    <cost_function   func="latf_107_120_max"/>
    
    <!-- Channel latencies compared to bounds -->
    <!-- cost_function   func="latf_15_20_max-0.000000066"/>
    <cost_function   func="latf_25_30_max-0.000000144"/>
    <cost_function   func="latf_35_41_max-0.000000144"/>
    <cost_function   func="latf_45_50_max-0.000000144"/>
    <cost_function   func="latf_55_61_max-0.000000144"/>
    <cost_function   func="latf_106_110_max-0.000000144"/>
    <cost_function   func="latf_115_85_max-0.000000144"/>
    <cost_function   func="latf_76_91_max-0.000000066"/>
    <cost_function   func="latf_86_90_max-0.000000162"/>
    <cost_function   func="latf_95_101_max-0.000000144"/>
    <cost_function   func="latf_107_120_max-0.000000066"/-->
    
    <!-- Average time from ADC to RAD -->
    <cost_function   func="path_15_120_avg"/>

    <!-- Throughput -->
    <cost_function   func="8/(tt_12_8-0.00000007)"/>

    <!-- Time to finish 8 samples -->
    <cost_function   func="tt_12_8-0.00000007"/>
    
  </constraints>
  
  
</system>
