<!-- ************************************************************************** -->
<!--  Copyright 2011 Tampere University of Technology                           -->
<!--                                                                            -->
<!--  This file is part of Transaction Generator.                               -->
<!--                                                                            -->
<!--  Transaction Generator is free software: you can redistribute it and/or    -->
<!--  modify it under the terms of the Lesser GNU General Public License as     -->
<!--  published by the Free Software Foundation, either version 3 of the        -->
<!--  License, or (at your option) any later version.                           -->
<!--                                                                            -->
<!--  Transaction Generator is distributed in the hope that it will be useful,  -->
<!--  but WITHOUT ANY WARRANTY; without even the implied warranty of            -->
<!--  MERCHANTABILITY or FITNESS FOR A PARTICULAR PURPOSE.  See the             -->
<!--  Lesser GNU General Public License for more details.                       -->
<!--                                                                            -->
<!--  You should have received a copy of the Lesser GNU General Public Licenes  -->
<!--  along with Transaction Generator. If not, see                             -->
<!--  <http://www.gnu.org/licenses/>.                                           -->
<!--                                                                            -->
<!-- ************************************************************************** -->


<!-- ************************************************************************** -->
<!-- MMS like is generic multimedia system, H.263 + MP3 codecs together         -->
<!-- Note:     Actually the same as AV-benchmark by Hu et al.                   -->
<!--                                                                            -->
<!-- Author:   Lasse Lehtonen, Department of Computer Systems,                  -->
<!--           Tampere University of Technology                                 -->
<!-- Modified: 27.05.2011                                                       -->
<!--           11.12.2012 ES Renumbered ports                                   -->
<!-- Based on: A.E. Kiasari, Z. Lu, A. Jantsch, "An Analytical Latency Model    -->
<!--           for Networks-on-Chip," Very Large Scale Integration (VLSI)       -->
<!--           Systems, IEEE Transactions on , vol.21, no.1, pp.113-123,        -->
<!--           Jan. 2013                                                        -->
<!--                                                                            -->
<!--           Tasks      24, op_counts: no                                     -->
<!--           Events     4 @ 100 Hz                                            -->
<!--           Resources  16                                                    -->
<!--                                                                            -->
<!-- ************************************************************************** -->
<!-- SYSTEM PROPERTIES:                                                         -->
<?xml version='1.0'?>
<!DOCTYPE system_description>


<system xmlns:xsi="http://www.w3.org/2001/XMLSchema-instance" 
	xsi:noNamespaceSchemaLocation="xsm_content_model.xsd">
  <xsm_version value="4"/>
  
  <application>
    <task_graph>
      
      <task name="Task0" id="0" class="general">
	<in_port id="71"/>
	<out_port id="0"/>
	<trigger>
	  <in_port id="71"/>
	  <exec_count>
	    <op_count>
	      <int_ops>
		<polynomial>
		  <param value="1" exp="0"/>
		</polynomial>
	      </int_ops>
	    </op_count>
	    <send out_id="0" prob="1">
	      <byte_amount>
		<polynomial>
		  <param value="38016" exp="0"/>
		</polynomial>
	      </byte_amount>
	    </send>
	    <next_state value="READY"/>
	  </exec_count>
	</trigger>
      </task>

      <task name="Task1" id="1" class="general">
	<in_port id="1"/>
	<in_port id="15"/>
	<out_port id="2"/>
	<out_port id="4"/>
	<trigger dependence_type="and">
	  <in_port id="1"/>
	  <in_port id="15"/>
	  <exec_count>
	    <op_count>
	      <int_ops>
		<polynomial>
		  <param value="1" exp="0"/>
		</polynomial>
	      </int_ops>
	    </op_count>
	    <send out_id="2" prob="1">
	      <byte_amount>
		<polynomial>
		  <param value="33848" exp="0"/>
		</polynomial>
	      </byte_amount>
	    </send>
	    <send out_id="4" prob="1">
	      <byte_amount>
		<polynomial>
		  <param value="197" exp="0"/>
		</polynomial>
	      </byte_amount>
	    </send>
	    <next_state value="READY"/>
	  </exec_count>
	</trigger>
      </task>

      <task name="Task2" id="2" class="general">
	<in_port id="9"/>
	<in_port id="13"/>
	<in_port id="73"/>
	<out_port id="10"/>
	<out_port id="14"/>
	<trigger>
	  <in_port id="9"/>
	  <exec_count>
	    <op_count>
	      <int_ops>
		<polynomial>
		  <param value="1" exp="0"/>
		</polynomial>
	      </int_ops>
	    </op_count>
	    <send out_id="10" prob="1">
	      <byte_amount>
		<polynomial>
		  <param value="75205" exp="0"/>
		</polynomial>
	      </byte_amount>
	    </send>
	    <next_state value="READY"/>
	  </exec_count>
	</trigger>
	<trigger>
	  <in_port id="13"/>
	  <exec_count>
	    <op_count>
	      <int_ops>
		<polynomial>
		  <param value="1" exp="0"/>
		</polynomial>
	      </int_ops>
	    </op_count>
	    <next_state value="READY"/>
	  </exec_count>
	</trigger>
	<trigger>
	  <in_port id="73"/>
	  <exec_count>
	    <op_count>
	      <int_ops>
		<polynomial>
		  <param value="1" exp="0"/>
		</polynomial>
	      </int_ops>
	    </op_count>
	    <send out_id="14" prob="1">
	      <byte_amount>
		<polynomial>
		  <param value="116873" exp="0"/>
		</polynomial>
	      </byte_amount>
	    </send>
	    <next_state value="READY"/>
	  </exec_count>
	</trigger>
      </task>

      <task name="Task3" id="3" class="general">
	<in_port id="5"/>
	<in_port id="7"/>
	<in_port id="11"/>
	<out_port id="8"/>
	<out_port id="12"/>
	<trigger>
	  <in_port id="5"/>
	  <exec_count>
	    <op_count>
	      <int_ops>
		<polynomial>
		  <param value="1" exp="0"/>
		</polynomial>
	      </int_ops>
	    </op_count>
	    <send out_id="8" prob="1">
	      <byte_amount>
		<polynomial>
		  <param value="1" exp="0"/>
		</polynomial>
	      </byte_amount>
	    </send>
	    <next_state value="READY"/>
	  </exec_count>
	</trigger>
	<trigger dependence_type="and">
	  <in_port id="7"/>
	  <in_port id="11"/>
	  <exec_count>
	    <op_count>
	      <int_ops>
		<polynomial>
		  <param value="1" exp="0"/>
		</polynomial>
	      </int_ops>
	    </op_count>
	    <send out_id="12" prob="1">
	      <byte_amount>
		<polynomial>
		  <param value="38016" exp="0"/>
		</polynomial>
	      </byte_amount>
	    </send>
	    <next_state value="READY"/>
	  </exec_count>
	</trigger>
      </task>

      <task name="Task4" id="4" class="general">
	<in_port id="3"/>
	<in_port id="19"/>
	<out_port id="6"/>
	<out_port id="16"/>
	<trigger>
	  <in_port id="3"/>
	  <exec_count>
	    <op_count>
	      <int_ops>
		<polynomial>
		  <param value="1" exp="0"/>
		</polynomial>
	      </int_ops>
	    </op_count>
	    <send out_id="16" prob="1">
	      <byte_amount>
		<polynomial>
		  <param value="33848" exp="0"/>
		</polynomial>
	      </byte_amount>
	    </send>
	    <next_state value="READY"/>
	  </exec_count>
	</trigger>
	<trigger>
	  <in_port id="19"/>
	  <exec_count>
	    <op_count>
	      <int_ops>
		<polynomial>
		  <param value="1" exp="0"/>
		</polynomial>
	      </int_ops>
	    </op_count>
	    <send out_id="6" prob="1">
	      <byte_amount>
		<polynomial>
		  <param value="16691" exp="0"/>
		</polynomial>
	      </byte_amount>
	    </send>
	    <next_state value="READY"/>
	  </exec_count>
	</trigger>
      </task>

      <task name="Task5" id="5" class="general">
	<in_port id="17"/>
	<out_port id="18"/>
	<out_port id="20"/>
	<trigger>
	  <in_port id="17"/>
	  <exec_count>
	    <op_count>
	      <int_ops>
		<polynomial>
		  <param value="1" exp="0"/>
		</polynomial>
	      </int_ops>
	    </op_count>
	    <send out_id="18" prob="1">
	      <byte_amount>
		<polynomial>
		  <param value="16691" exp="0"/>
		</polynomial>
	      </byte_amount>
	    </send>
	    <send out_id="20" prob="1">
	      <byte_amount>
		<polynomial>
		  <param value="33848" exp="0"/>
		</polynomial>
	      </byte_amount>
	    </send>
	    <next_state value="READY"/>
	  </exec_count>
	</trigger>
      </task>

      <task name="Task6" id="6" class="general">
	<in_port id="21"/>
	<out_port id="22"/>
	<trigger>
	  <in_port id="21"/>
	  <exec_count>
	    <op_count>
	      <int_ops>
		<polynomial>
		  <param value="1" exp="0"/>
		</polynomial>
	      </int_ops>
	    </op_count>
	    <send out_id="22" prob="1">
	      <byte_amount>
		<polynomial>
		  <param value="764" exp="0"/>
		</polynomial>
	      </byte_amount>
	    </send>
	    <next_state value="READY"/>
	  </exec_count>
	</trigger>
      </task>

      <task name="Task7" id="7" class="general">
	<in_port id="23"/>
	<in_port id="39"/>
	<trigger>
	  <in_port id="23"/>
	  <exec_count>
	    <op_count>
	      <int_ops>
		<polynomial>
		  <param value="1" exp="0"/>
		</polynomial>
	      </int_ops>
	    </op_count>
	    <next_state value="READY"/>
	  </exec_count>
	</trigger>
	<trigger>
	  <in_port id="39"/>
	  <exec_count>
	    <op_count>
	      <int_ops>
		<polynomial>
		  <param value="1" exp="0"/>
		</polynomial>
	      </int_ops>
	    </op_count>
	    <next_state value="READY"/>
	  </exec_count>
	</trigger>
      </task>

      <task name="Task8" id="8" class="general">
	<in_port id="37"/>
	<out_port id="38"/>
	<trigger>
	  <in_port id="37"/>
	  <exec_count>
	    <op_count>
	      <int_ops>
		<polynomial>
		  <param value="1" exp="0"/>
		</polynomial>
	      </int_ops>
	    </op_count>
	    <send out_id="38" prob="1">
	      <byte_amount>
		<polynomial>
		  <param value="640" exp="0"/>
		</polynomial>
	      </byte_amount>
	    </send>
	    <next_state value="READY"/>
	  </exec_count>
	</trigger>
      </task>

      <task name="Task9" id="9" class="general">
	<in_port id="31"/>
	<in_port id="33"/>
	<out_port id="34"/>
	<out_port id="36"/>
	<trigger>
	  <in_port id="31"/>
	  <exec_count>
	    <op_count>
	      <int_ops>
		<polynomial>
		  <param value="1" exp="0"/>
		</polynomial>
	      </int_ops>
	    </op_count>
	    <send out_id="34" prob="1">
	      <byte_amount>
		<polynomial>
		  <param value="80" exp="0"/>
		</polynomial>
	      </byte_amount>
	    </send>
	    <next_state value="READY"/>
	  </exec_count>
	</trigger>
	<trigger>
	  <in_port id="33"/>
	  <exec_count>
	    <op_count>
	      <int_ops>
		<polynomial>
		  <param value="1" exp="0"/>
		</polynomial>
	      </int_ops>
	    </op_count>
	    <send out_id="36" prob="1">
	      <byte_amount>
		<polynomial>
		  <param value="640" exp="0"/>
		</polynomial>
	      </byte_amount>
	    </send>
	    <next_state value="READY"/>
	  </exec_count>
	</trigger>
      </task>

      <task name="Task10" id="10" class="general">
	<in_port id="35"/>
	<out_port id="32"/>
	<trigger>
	  <in_port id="35"/>
	  <exec_count>
	    <op_count>
	      <int_ops>
		<polynomial>
		  <param value="1" exp="0"/>
		</polynomial>
	      </int_ops>
	    </op_count>
	    <send out_id="32" prob="1">
	      <byte_amount>
		<polynomial>
		  <param value="25" exp="0"/>
		</polynomial>
	      </byte_amount>
	    </send>
	    <next_state value="READY"/>
	  </exec_count>
	</trigger>
      </task>

      <task name="Task11" id="11" class="general">
	<in_port id="27"/>
	<in_port id="29"/>
	<out_port id="30"/>
	<trigger dependence_type="and">
	  <in_port id="27"/>
	  <in_port id="29"/>
	  <exec_count>
	    <op_count>
	      <int_ops>
		<polynomial>
		  <param value="1" exp="0"/>
		</polynomial>
	      </int_ops>
	    </op_count>
	    <send out_id="30" prob="1">
	      <byte_amount>
		<polynomial>
		  <param value="28248" exp="0"/>
		</polynomial>
	      </byte_amount>
	    </send>
	    <next_state value="READY"/>
	  </exec_count>
	</trigger>
      </task>

      <task name="Task12" id="12" class="general">
	<in_port id="75"/>
	<out_port id="24"/>
	<out_port id="26"/>
	<trigger>
	  <in_port id="75"/>
	  <exec_count>
	    <op_count>
	      <int_ops>
		<polynomial>
		  <param value="1" exp="0"/>
		</polynomial>
	      </int_ops>
	    </op_count>
	    <send out_id="24" prob="1">
	      <byte_amount>
		<polynomial>
		  <param value="7061" exp="0"/>
		</polynomial>
	      </byte_amount>
	    </send>
	    <send out_id="26" prob="1">
	      <byte_amount>
		<polynomial>
		  <param value="7061" exp="0"/>
		</polynomial>
	      </byte_amount>
	    </send>
	    <next_state value="READY"/>
	  </exec_count>
	</trigger>
      </task>

      <task name="Task13" id="13" class="general">
	<in_port id="25"/>
	<out_port id="28"/>
	<trigger>
	  <in_port id="25"/>
	  <exec_count>
	    <op_count>
	      <int_ops>
		<polynomial>
		  <param value="1" exp="0"/>
		</polynomial>
	      </int_ops>
	    </op_count>
	    <send out_id="28" prob="1">
	      <byte_amount>
		<polynomial>
		  <param value="26924" exp="0"/>
		</polynomial>
	      </byte_amount>
	    </send>
	    <next_state value="READY"/>
	  </exec_count>
	</trigger>
      </task>

      <task name="Task14" id="14" class="general">
	<in_port id="47"/>
	<out_port id="48"/>
	<trigger>
	  <in_port id="47"/>
	  <exec_count>
	    <op_count>
	      <int_ops>
		<polynomial>
		  <param value="1" exp="0"/>
		</polynomial>
	      </int_ops>
	    </op_count>
	    <send out_id="48" prob="1">
	      <byte_amount>
		<polynomial>
		  <param value="7065" exp="0"/>
		</polynomial>
	      </byte_amount>
	    </send>
	    <next_state value="READY"/>
	  </exec_count>
	</trigger>
      </task>

      <task name="Task15" id="15" class="general">
	<in_port id="43"/>
	<out_port id="44"/>
	<trigger>
	  <in_port id="43"/>
	  <exec_count>
	    <op_count>
	      <int_ops>
		<polynomial>
		  <param value="1" exp="0"/>
		</polynomial>
	      </int_ops>
	    </op_count>
	    <send out_id="44" prob="1">
	      <byte_amount>
		<polynomial>
		  <param value="25" exp="0"/>
		</polynomial>
	      </byte_amount>
	    </send>
	    <next_state value="READY"/>
	  </exec_count>
	</trigger>
      </task>

      <task name="Task16" id="16" class="general">
	<in_port id="41"/>
	<in_port id="45"/>
	<out_port id="42"/>
	<out_port id="46"/>
	<trigger>
	  <in_port id="41"/>
	  <exec_count>
	    <op_count>
	      <int_ops>
		<polynomial>
		  <param value="1" exp="0"/>
		</polynomial>
	      </int_ops>
	    </op_count>
	    <send out_id="42" prob="1">
	      <byte_amount>
		<polynomial>
		  <param value="80" exp="0"/>
		</polynomial>
	      </byte_amount>
	    </send>
	    <next_state value="READY"/>
	  </exec_count>
	</trigger>
	<trigger>
	  <in_port id="45"/>
	  <exec_count>
	    <op_count>
	      <int_ops>
		<polynomial>
		  <param value="1" exp="0"/>
		</polynomial>
	      </int_ops>
	    </op_count>
	    <send out_id="46" prob="1">
	      <byte_amount>
		<polynomial>
		  <param value="28265" exp="0"/>
		</polynomial>
	      </byte_amount>
	    </send>
	    <next_state value="READY"/>
	  </exec_count>
	</trigger>
      </task>

      <task name="Task17" id="17" class="general">
	<in_port id="49"/>
	<out_port id="50"/>
	<trigger>
	  <in_port id="49"/>
	  <exec_count>
	    <op_count>
	      <int_ops>
		<polynomial>
		  <param value="1" exp="0"/>
		</polynomial>
	      </int_ops>
	    </op_count>
	    <send out_id="50" prob="1">
	      <byte_amount>
		<polynomial>
		  <param value="7065" exp="0"/>
		</polynomial>
	      </byte_amount>
	    </send>
	    <next_state value="READY"/>
	  </exec_count>
	</trigger>
      </task>

      <task name="Task18" id="18" class="general">
	<in_port id="63"/>
	<in_port id="65"/>
	<out_port id="66"/>
	<trigger>
	  <in_port id="63"/>
	  <exec_count>
	    <op_count>
	      <int_ops>
		<polynomial>
		  <param value="1" exp="0"/>
		</polynomial>
	      </int_ops>
	    </op_count>
	    <next_state value="READY"/>
	  </exec_count>
	</trigger>
	<trigger>
	  <in_port id="65"/>
	  <exec_count>
	    <op_count>
	      <int_ops>
		<polynomial>
		  <param value="1" exp="0"/>
		</polynomial>
	      </int_ops>
	    </op_count>
	    <send out_id="66" prob="1">
	      <byte_amount>
		<polynomial>
		  <param value="75584" exp="0"/>
		</polynomial>
	      </byte_amount>
	    </send>
	    <next_state value="READY"/>
	  </exec_count>
	</trigger>
      </task>

      <task name="Task19" id="19" class="general">
	<in_port id="77"/>
	<out_port id="40"/>
	<out_port id="52"/>
	<trigger>
	  <in_port id="77"/>
	  <exec_count>
	    <op_count>
	      <int_ops>
		<polynomial>
		  <param value="1" exp="0"/>
		</polynomial>
	      </int_ops>
	    </op_count>
	    <send out_id="40" prob="1">
	      <byte_amount>
		<polynomial>
		  <param value="641" exp="0"/>
		</polynomial>
	      </byte_amount>
	    </send>
	    <send out_id="52" prob="1">
	      <byte_amount>
		<polynomial>
		  <param value="144" exp="0"/>
		</polynomial>
	      </byte_amount>
	    </send>
	    <next_state value="READY"/>
	  </exec_count>
	</trigger>
      </task>

      <task name="Task20" id="20" class="general">
	<in_port id="53"/>
	<out_port id="54"/>
	<out_port id="56"/>
	<trigger>
	  <in_port id="53"/>
	  <exec_count>
	    <op_count>
	      <int_ops>
		<polynomial>
		  <param value="1" exp="0"/>
		</polynomial>
	      </int_ops>
	    </op_count>
	    <send out_id="54" prob="1">
	      <byte_amount>
		<polynomial>
		  <param value="197" exp="0"/>
		</polynomial>
	      </byte_amount>
	    </send>
	    <send out_id="56" prob="1">
	      <byte_amount>
		<polynomial>
		  <param value="3672" exp="0"/>
		</polynomial>
	      </byte_amount>
	    </send>
	    <next_state value="READY"/>
	  </exec_count>
	</trigger>
      </task>

      <task name="Task21" id="21" class="general">
	<in_port id="55"/>
	<in_port id="61"/>
	<in_port id="67"/>
	<out_port id="62"/>
	<out_port id="64"/>
	<out_port id="68"/>
	<trigger>
	  <in_port id="55"/>
	  <exec_count>
	    <op_count>
	      <int_ops>
		<polynomial>
		  <param value="1" exp="0"/>
		</polynomial>
	      </int_ops>
	    </op_count>
	    <send out_id="64" prob="1">
	      <byte_amount>
		<polynomial>
		  <param value="1" exp="0"/>
		</polynomial>
	      </byte_amount>
	    </send>
	    <next_state value="READY"/>
	  </exec_count>
	</trigger>
	<trigger dependence_type="and">
	  <in_port id="61"/>
	  <in_port id="67"/>
	  <exec_count>
	    <op_count>
	      <int_ops>
		<polynomial>
		  <param value="1" exp="0"/>
		</polynomial>
	      </int_ops>
	    </op_count>
	    <send out_id="62" prob="1">
	      <byte_amount>
		<polynomial>
		  <param value="38016" exp="0"/>
		</polynomial>
	      </byte_amount>
	    </send>
	    <send out_id="68" prob="1">
	      <byte_amount>
		<polynomial>
		  <param value="38016" exp="0"/>
		</polynomial>
	      </byte_amount>
	    </send>
	    <next_state value="READY"/>
	  </exec_count>
	</trigger>
      </task>

      <task name="Task22" id="22" class="general">
	<in_port id="51"/>
	<in_port id="69"/>
	<trigger>
	  <in_port id="51"/>
	  <exec_count>
	    <op_count>
	      <int_ops>
		<polynomial>
		  <param value="1" exp="0"/>
		</polynomial>
	      </int_ops>
	    </op_count>
	    <next_state value="READY"/>
	  </exec_count>
	</trigger>
	<trigger>
	  <in_port id="69"/>
	  <exec_count>
	    <op_count>
	      <int_ops>
		<polynomial>
		  <param value="1" exp="0"/>
		</polynomial>
	      </int_ops>
	    </op_count>
	    <next_state value="READY"/>
	  </exec_count>
	</trigger>
      </task>

      <task name="Task23" id="23" class="general">
	<in_port id="59"/>
	<out_port id="60"/>
	<trigger>
	  <in_port id="59"/>
	  <exec_count>
	    <op_count>
	      <int_ops>
		<polynomial>
		  <param value="1" exp="0"/>
		</polynomial>
	      </int_ops>
	    </op_count>
	    <send out_id="60" prob="1">
	      <byte_amount>
		<polynomial>
		  <param value="3672" exp="0"/>
		</polynomial>
	      </byte_amount>
	    </send>
	    <next_state value="READY"/>
	  </exec_count>
	</trigger>
      </task>

      <task name="Task24" id="24" class="general">
	<in_port id="57"/>
	<out_port id="58"/>
	<trigger>
	  <in_port id="57"/>
	  <exec_count>
	    <op_count>
	      <int_ops>
		<polynomial>
		  <param value="1" exp="0"/>
		</polynomial>
	      </int_ops>
	    </op_count>
	    <send out_id="58" prob="1">
	      <byte_amount>
		<polynomial>
		  <param value="3672" exp="0"/>
		</polynomial>
	      </byte_amount>
	    </send>
	    <next_state value="READY"/>
	  </exec_count>
	</trigger>
      </task>

      <event_list>
	<event out_port_id="70" amount="1" period="0.01"
	       name="TriggeringInput1" id="25" prob="1"/>
	<event out_port_id="72" amount="1" period="0.01"
	       name="TriggeringInput2" id="26" prob="1"/>
	<event out_port_id="74" amount="1" period="0.01"
	       name="TriggeringInput3" id="27" prob="1"/>
	<event out_port_id="76" amount="1" period="0.01"
	       name="TriggeringInput4" id="28" prob="1"/>
      </event_list>




      <port_connection src="0" dst="1"/>
      <port_connection src="2" dst="3"/>
      <port_connection src="4" dst="5"/>
      <port_connection src="6" dst="7"/>
      <port_connection src="8" dst="9"/>
      <port_connection src="10" dst="11"/>
      <port_connection src="12" dst="13"/>
      <port_connection src="14" dst="15"/>
      <port_connection src="16" dst="17"/>
      <port_connection src="18" dst="19"/>
      <port_connection src="20" dst="21"/>
      <port_connection src="22" dst="23"/>
      <port_connection src="24" dst="25"/>
      <port_connection src="26" dst="27"/>
      <port_connection src="28" dst="29"/>
      <port_connection src="30" dst="31"/>
      <port_connection src="32" dst="33"/>
      <port_connection src="34" dst="35"/>
      <port_connection src="36" dst="37"/>
      <port_connection src="38" dst="39"/>
      <port_connection src="40" dst="41"/>
      <port_connection src="42" dst="43"/>
      <port_connection src="44" dst="45"/>
      <port_connection src="46" dst="47"/>
      <port_connection src="48" dst="49"/>
      <port_connection src="50" dst="51"/>
      <port_connection src="52" dst="53"/>
      <port_connection src="54" dst="55"/>
      <port_connection src="56" dst="57"/>
      <port_connection src="58" dst="59"/>
      <port_connection src="60" dst="61"/>
      <port_connection src="62" dst="63"/>
      <port_connection src="64" dst="65"/>
      <port_connection src="66" dst="67"/>
      <port_connection src="68" dst="69"/>
      <port_connection src="70" dst="71"/>
      <port_connection src="72" dst="73"/>
      <port_connection src="74" dst="75"/>
      <port_connection src="76" dst="77"/>
      
    </task_graph>
    
  </application>

  
  <!-- ************************************************************* -->
  <!-- * MAPPING                                                   * -->
  <!-- ************************************************************* -->


  <mapping>

    <resource name="r0" id="0" contents="mutable">
	<group position="movable" name="g0" id="0" contents="mutable">
	  <task position="movable" name="Task0" id="0"/>
	</group>
    </resource>

    <resource name="r1" id="1" contents="mutable">
	<group position="movable" name="g1" id="1" contents="mutable">
	  <task position="movable" name="Task1" id="1"/>
	</group>
    </resource>

    <resource name="r2" id="2" contents="mutable">
	<group position="movable" name="g2" id="2" contents="mutable">
	  <task position="movable" name="Task2" id="2"/>
	</group>
    </resource>

    <resource name="r3" id="3" contents="mutable">
	<group position="movable" name="g3" id="3" contents="mutable">
	  <task position="movable" name="Task3" id="3"/>
	</group>
    </resource>

    <resource name="r4" id="4" contents="mutable">
	<group position="movable" name="g4" id="4" contents="mutable">
	  <task position="movable" name="Task4" id="4"/>
	</group>
    </resource>

    <resource name="r5" id="5" contents="mutable">
	<group position="movable" name="g5" id="5" contents="mutable">
	  <task position="movable" name="Task5" id="5"/>
	</group>
    </resource>

    <resource name="r6" id="6" contents="mutable">
	<group position="movable" name="g6" id="6" contents="mutable">
	  <task position="movable" name="Task6" id="6"/>
	</group>
    </resource>

    <resource name="r7" id="7" contents="mutable">
	<group position="movable" name="g7" id="7" contents="mutable">
	  <task position="movable" name="Task7" id="7"/>
	</group>
    </resource>

    <resource name="r8" id="8" contents="mutable">
	<group position="movable" name="g8" id="8" contents="mutable">
	  <task position="movable" name="Task8" id="8"/>
	</group>
    </resource>

    <resource name="r9" id="9" contents="mutable">
	<group position="movable" name="g9" id="9" contents="mutable">
	  <task position="movable" name="Task9" id="9"/>
	</group>
    </resource>

    <resource name="r10" id="10" contents="mutable">
	<group position="movable" name="g10" id="10" contents="mutable">
	  <task position="movable" name="Task10" id="10"/>
	</group>
    </resource>

    <resource name="r11" id="11" contents="mutable">
	<group position="movable" name="g11" id="11" contents="mutable">
	  <task position="movable" name="Task11" id="11"/>
	</group>
    </resource>

    <resource name="r12" id="12" contents="mutable">
	<group position="movable" name="g12" id="12" contents="mutable">
	  <task position="movable" name="Task12" id="12"/>
	</group>
    </resource>

    <resource name="r13" id="13" contents="mutable">
	<group position="movable" name="g13" id="13" contents="mutable">
	  <task position="movable" name="Task13" id="13"/>
	</group>
    </resource>

    <resource name="r" id="14" contents="mutable">
	<group position="movable" name="g14" id="14" contents="mutable">
	  <task position="movable" name="Task14" id="14"/>
	</group>
    </resource>

    <resource name="r15" id="15" contents="mutable">
	<group position="movable" name="g15" id="15" contents="mutable">
	  <task position="movable" name="Task15" id="15"/>
	</group>
    </resource>

    <resource name="r16" id="16" contents="mutable">
	<group position="movable" name="g16" id="16" contents="mutable">
	  <task position="movable" name="Task16" id="16"/>
	</group>
    </resource>

    <resource name="r17" id="17" contents="mutable">
	<group position="movable" name="g17" id="17" contents="mutable">
	  <task position="movable" name="Task17" id="17"/>
	</group>
    </resource>

    <resource name="r18" id="18" contents="mutable">
	<group position="movable" name="g18" id="18" contents="mutable">
	  <task position="movable" name="Task18" id="18"/>
	</group>
    </resource>

    <resource name="r19" id="19" contents="mutable">
	<group position="movable" name="g19" id="19" contents="mutable">
	  <task position="movable" name="Task19" id="19"/>
	</group>
    </resource>

    <resource name="r20" id="20" contents="mutable">
	<group position="movable" name="g20" id="20" contents="mutable">
	  <task position="movable" name="Task20" id="20"/>
	</group>
    </resource>

    <resource name="r21" id="21" contents="mutable">
	<group position="movable" name="g21" id="21" contents="mutable">
	  <task position="movable" name="Task21" id="21"/>
	</group>
    </resource>

    <resource name="r22" id="22" contents="mutable">
	<group position="movable" name="g22" id="22" contents="mutable">
	  <task position="movable" name="Task22" id="22"/>
	</group>
    </resource>

    <resource name="r23" id="23" contents="mutable">
	<group position="movable" name="g23" id="23" contents="mutable">
	  <task position="movable" name="Task23" id="23"/>
	</group>
    </resource>

    <resource name="r24" id="24" contents="mutable">
	<group position="movable" name="g24" id="24" contents="mutable">
	  <task position="movable" name="Task24" id="24"/>
	</group>
    </resource>

  </mapping>

  
  <!-- ************************************************************* -->
  <!-- * PLATFORM                                                  * -->
  <!-- ************************************************************* -->

  
  <platform> 
    <resource_list>
      
      <resource id="0" name="r0" frequency="100" type="CPU_TYPE_1" 	
		rx_buffer_size="0" tx_buffer_size="0" 
		packet_size="8">
      </resource>

      <resource id="1" name="r1" frequency="100" type="CPU_TYPE_1"
		rx_buffer_size="0" tx_buffer_size="0" 
		packet_size="8">
      </resource>

      <resource id="2" name="r2" frequency="100" type="CPU_TYPE_1"
		rx_buffer_size="0" tx_buffer_size="0" 
		packet_size="8">
      </resource>

      <resource id="3" name="r3" frequency="100" type="CPU_TYPE_1"
		rx_buffer_size="0" tx_buffer_size="0" 
		packet_size="8">
      </resource>

      <resource id="4" name="r4" frequency="100" type="CPU_TYPE_1"
		rx_buffer_size="0" tx_buffer_size="0" 
		packet_size="8">
      </resource>

      <resource id="5" name="r5" frequency="100" type="CPU_TYPE_1"
		rx_buffer_size="0" tx_buffer_size="0" 
		packet_size="8">
      </resource>

      <resource id="6" name="r6" frequency="100" type="CPU_TYPE_1"
		rx_buffer_size="0" tx_buffer_size="0" 
		packet_size="8">
      </resource>

      <resource id="7" name="r7" frequency="100" type="CPU_TYPE_1"
		rx_buffer_size="0" tx_buffer_size="0" 
		packet_size="8">
      </resource>

      <resource id="8" name="r8" frequency="100" type="CPU_TYPE_1"
		rx_buffer_size="0" tx_buffer_size="0" 
		packet_size="8">
      </resource>

      <resource id="9" name="r9" frequency="100" type="CPU_TYPE_1"
		rx_buffer_size="0" tx_buffer_size="0" 
		packet_size="8">
      </resource>

      <resource id="10" name="r10" frequency="100" type="CPU_TYPE_1"
		rx_buffer_size="0" tx_buffer_size="0" 
		packet_size="8">
      </resource>

      <resource id="11" name="r11" frequency="100" type="CPU_TYPE_1"
		rx_buffer_size="0" tx_buffer_size="0" 
		packet_size="8">
      </resource>
      
      <resource id="12" name="r12" frequency="100" type="CPU_TYPE_1"
		rx_buffer_size="0" tx_buffer_size="0" 
		packet_size="8">
      </resource>

      <resource id="13" name="r13" frequency="100" type="CPU_TYPE_1"
		rx_buffer_size="0" tx_buffer_size="0" 
		packet_size="8">
      </resource>

      <resource id="14" name="r14" frequency="100" type="CPU_TYPE_1"
		rx_buffer_size="0" tx_buffer_size="0" 
		packet_size="8">
      </resource>

      <resource id="15" name="r15" frequency="100" type="CPU_TYPE_1"
		rx_buffer_size="0" tx_buffer_size="0" 
		packet_size="8">
      </resource>

      <resource id="16" name="r16" frequency="100" type="CPU_TYPE_1"
		rx_buffer_size="0" tx_buffer_size="0" 
		packet_size="8">
      </resource>

      <resource id="17" name="r17" frequency="100" type="CPU_TYPE_1"
		rx_buffer_size="0" tx_buffer_size="0" 
		packet_size="8">
      </resource>

      <resource id="18" name="r18" frequency="100" type="CPU_TYPE_1"
		rx_buffer_size="0" tx_buffer_size="0" 
		packet_size="8">
      </resource>

      <resource id="19" name="r19" frequency="100" type="CPU_TYPE_1"
		rx_buffer_size="0" tx_buffer_size="0" 
		packet_size="8">
      </resource>
      
      <resource id="20" name="r20" frequency="100" type="CPU_TYPE_1"
		rx_buffer_size="0" tx_buffer_size="0" 
		packet_size="8">
      </resource>

      <resource id="21" name="r21" frequency="100" type="CPU_TYPE_1"
		rx_buffer_size="0" tx_buffer_size="0" 
		packet_size="8">
      </resource>

      <resource id="22" name="r22" frequency="100" type="CPU_TYPE_1"
		rx_buffer_size="0" tx_buffer_size="0" 
		packet_size="8">
      </resource>

      <resource id="23" name="r23" frequency="100" type="CPU_TYPE_1"
		rx_buffer_size="0" tx_buffer_size="0" 
		packet_size="8">
      </resource>

      <resource id="24" name="r24" frequency="100" type="CPU_TYPE_1"
		rx_buffer_size="0" tx_buffer_size="0" 
		packet_size="8">
      </resource>

    </resource_list>
    
    
  </platform>
  
  <constraints>
    <noc class="mesh_2d" type="sc_rtl_1" subtype="5x5"/>

    <!-- Seed for random number generator, comment out for random seed -->
    <rng_seed       value="42"/>

    <!-- Used in standalone mode, not with e.g. Modelsim -->
    <sim_resolution time="1.0"   unit="ns"/>
    <sim_length     time="200"   unit="ms"/>

    <!-- interval between measurements 
	 (both averages and snapshots) -->
    <measurements   time="0.1"   unit="ms"/>   

  
    <!-- true if using Execution Monitor,
	 uncomment or set false to disable,
	 not effect if TG is not compiled with USE_EXECMON flag -->
    <log_exec_mon file="log_execmon.txt"/>


    <!-- Path to PE lib file -->
    <pe_lib         file="examples/pe_lib.xml"/>

    <!-- Paths to log files, comment out to disable logging -->
    <log_packet      file="log_packet.csv"/>
    <log_token       file="log_token.csv"/>
    <log_summary     file="log_summary.csv"/>
    <log_pe          file="log_pe.csv"/>
    <log_app         file="log_app.csv"/>
  
    <cost_function   func="tc_1"/>
    <cost_function   func="tc_2"/>
    <cost_function   func="tc_3"/>
    <cost_function   func="tc_4"/>
    <cost_function   func="tc_5"/>
    <cost_function   func="tc_6"/>
    <cost_function   func="tc_7"/>
    <cost_function   func="tc_8"/>
    <cost_function   func="tc_9"/>
    <cost_function   func="tc_10"/>
    <cost_function   func="tc_11"/>
    <cost_function   func="tc_12"/>
    <cost_function   func="tc_13"/>
    <cost_function   func="tc_14"/>
    <cost_function   func="tc_15"/>
    <cost_function   func="tc_16"/>
    <cost_function   func="tc_17"/>
    <cost_function   func="tc_18"/>
    <cost_function   func="tc_19"/>

  </constraints>

</system>
