
<!-- ************************************************************************** -->
<!--  Copyright 2011 Tampere University of Technology                           -->
<!--                                                                            -->
<!--  This file is part of Transaction Generator.                               -->
<!--                                                                            -->
<!--  Transaction Generator is free software: you can redistribute it and/or    -->
<!--  modify it under the terms of the Lesser GNU General Public License as     -->
<!--  published by the Free Software Foundation, either version 3 of the        -->
<!--  License, or (at your option) any later version.                           -->
<!--                                                                            -->
<!--  Transaction Generator is distributed in the hope that it will be useful,  -->
<!--  but WITHOUT ANY WARRANTY; without even the implied warranty of            -->
<!--  MERCHANTABILITY or FITNESS FOR A PARTICULAR PURPOSE.  See the             -->
<!--  Lesser GNU General Public License for more details.                       -->
<!--                                                                            -->
<!--  You should have received a copy of the Lesser GNU General Public Licenes  -->
<!--  along with Transaction Generator. If not, see                             -->
<!--  <http://www.gnu.org/licenses/>.                                           -->
<!--                                                                            -->
<!-- ************************************************************************** -->


<!-- ************************************************************************** -->
<!-- MPEG-4 Decoder model                                                       -->
<!-- Author:   Lasse Lehtonen, Department of Computer Systems,                  -->
<!--           Tampere University of Technology                                 -->
<!-- Modified: 27.05.2011                                                       -->
<!-- Based on: "Noc synthesis flow for customized domain spesific               -->
<!--            multiprocessor systems-on-chip". D. Bertozzi, A. Jalabert,      -->
<!--            S. Murali, R. Tamhankar, L. Benini and G. de Micheli.           -->
<!--            IEEE Trans. Parallel Distrib.  Syst. vol. 16. no 2.             -->
<!--            pp. 113-129. February 2005.                                     -->
<!--                                                                            -->
<!--           Tasks      12, op_counts: no                                     -->
<!--           Events     3                                                     -->
<!--           Resources  16                                                    -->
<!--                                                                            -->
<!-- ************************************************************************** -->
<?xml version='1.0'?>
<!DOCTYPE system_description>
<system xmlns:xsi="http://www.w3.org/2001/XMLSchema-instance" 
	xsi:noNamespaceSchemaLocation="xsm_content_model.xsd">
  <xsm_version value="4"/>
  
  <application>
    <task_graph>
      
      <task name="sdram" id="0" class="general">
	<in_port id="3"/>
	<in_port id="7"/>
	<in_port id="11"/>
	<in_port id="13"/>
	<in_port id="25"/>
	<in_port id="29"/>
	<in_port id="33"/>
	<in_port id="53"/>
	<out_port id="0"/>
	<out_port id="4"/>
	<out_port id="8"/>
	<out_port id="14"/>
	<out_port id="26"/>
	<out_port id="30"/>
	<out_port id="34"/>
	<trigger>
	  <in_port id="53"/>
	  <exec_count>
	    <op_count>
	      <int_ops>
		<polynomial>
		  <param value="1" exp="0"/>
		</polynomial>
	      </int_ops>
	    </op_count>
	    <send out_id="0" prob="1">
	      <byte_amount>
		<polynomial>
		  <param value="97280" exp="0"/>
		</polynomial>
	      </byte_amount>
	    </send>
	    <send out_id="4" prob="1">
	      <byte_amount>
		<polynomial>
		  <param value="256" exp="0"/>
		</polynomial>
	      </byte_amount>
	    </send>
	    <send out_id="8" prob="1">
	      <byte_amount>
		<polynomial>
		  <param value="30720" exp="0"/>
		</polynomial>
	      </byte_amount>
	    </send>
	    <send out_id="14" prob="1">
	      <byte_amount>
		<polynomial>
		  <param value="307200" exp="0"/>
		</polynomial>
	      </byte_amount>
	    </send>
	    <send out_id="26" prob="1">
	      <byte_amount>
		<polynomial>
		  <param value="16384" exp="0"/>
		</polynomial>
	      </byte_amount>
	    </send>
	    <send out_id="30" prob="1">
	      <byte_amount>
		<polynomial>
		  <param value="465920" exp="0"/>
		</polynomial>
	      </byte_amount>
	    </send>
	    <send out_id="34" prob="1">
	      <byte_amount>
		<polynomial>
		  <param value="256" exp="0"/>
		</polynomial>
	      </byte_amount>
	    </send>
	    <next_state value="READY"/>
	  </exec_count>
	</trigger>
	<trigger>
	  <in_port id="3"/>
	  <in_port id="7"/>
	  <in_port id="11"/>
	  <in_port id="13"/>
	  <in_port id="25"/>
	  <in_port id="29"/>
	  <in_port id="33"/>
	  <exec_count>
	    <op_count>
	      <int_ops>
		<polynomial>
		  <param value="1" exp="0"/>
		</polynomial>
	      </int_ops>
	    </op_count>
	    <next_state value="READY"/>
	  </exec_count>
	</trigger>
      </task>
      
      
      <task name="vu" id="1" class="general">
	<in_port id="1"/>
	<out_port id="2"/>
	<trigger>
	  <in_port id="1"/>
	  <exec_count>
	    <op_count>
	      <int_ops>
		<polynomial>
		  <param value="1" exp="0"/>
		</polynomial>
	      </int_ops>
	    </op_count>
	    <send out_id="2" prob="1">
	      <byte_amount>
		<polynomial>
		  <param value="97280" exp="0"/>
		</polynomial>
	      </byte_amount>
	    </send>
	    <next_state value="READY"/>
	  </exec_count>
	</trigger>
      </task>

      
      <task name="adsp" id="2" class="general">
	<in_port id="5"/>
	<out_port id="6"/>
	<trigger>
	  <in_port id="5"/>
	  <exec_count>
	    <op_count>
	      <int_ops>
		<polynomial>
		  <param value="1" exp="0"/>
		</polynomial>
	      </int_ops>
	    </op_count>
	    <send out_id="6" prob="1">
	      <byte_amount>
		<polynomial>
		  <param value="256" exp="0"/>
		</polynomial>
	      </byte_amount>
	    </send>
	    <next_state value="READY"/>
	  </exec_count>
	</trigger>
      </task>

      
      <task name="mcpu" id="3" class="general">
	<in_port id="9"/>
	<in_port id="17"/>
	<out_port id="10"/>
	<out_port id="18"/>
	<trigger>
	  <in_port id="9"/>
	  <exec_count>
	    <op_count>
	      <int_ops>
		<polynomial>
		  <param value="1" exp="0"/>
		</polynomial>
	      </int_ops>
	    </op_count>
	    <send out_id="10" prob="1">
	      <byte_amount>
		<polynomial>
		  <param value="30720" exp="0"/>
		</polynomial>
	      </byte_amount>
	    </send>
	    <next_state value="READY"/>
	  </exec_count>
	</trigger>
	<trigger>
	  <in_port id="17"/>
	  <exec_count>
	    <op_count>
	      <int_ops>
		<polynomial>
		  <param value="1" exp="0"/>
		</polynomial>
	      </int_ops>
	    </op_count>
	    <send out_id="18" prob="1">
	      <byte_amount>
		<polynomial>
		  <param value="20480" exp="0"/>
		</polynomial>
	      </byte_amount>
	    </send>
	    <next_state value="READY"/>
	  </exec_count>
	</trigger>
      </task>

      
      <task name="rast" id="4" class="general">
	<in_port id="15"/>
	<in_port id="21"/>
	<out_port id="12"/>
	<out_port id="22"/>
	<trigger>
	  <in_port id="15"/>
	  <exec_count>
	    <op_count>
	      <int_ops>
		<polynomial>
		  <param value="1" exp="0"/>
		</polynomial>
	      </int_ops>
	    </op_count>
	    <send out_id="12" prob="1">
	      <byte_amount>
		<polynomial>
		  <param value="307200" exp="0"/>
		</polynomial>
	      </byte_amount>
	    </send>
	    <next_state value="READY"/>
	  </exec_count>
	</trigger>
	<trigger>
	  <in_port id="21"/>
	  <exec_count>
	    <op_count>
	      <int_ops>
		<polynomial>
		  <param value="1" exp="0"/>
		</polynomial>
	      </int_ops>
	    </op_count>
	    <send out_id="22" prob="1">
	      <byte_amount>
		<polynomial>
		  <param value="20480" exp="0"/>
		</polynomial>
	      </byte_amount>
	    </send>
	    <next_state value="READY"/>
	  </exec_count>
	</trigger>
      </task>

      
      <task name="bab" id="5" class="general">
	<in_port id="27"/>
	<in_port id="43"/>
	<out_port id="24"/>
	<out_port id="40"/>
	<trigger>
	  <in_port id="27"/>
	  <exec_count>
	    <op_count>
	      <int_ops>
		<polynomial>
		  <param value="1" exp="0"/>
		</polynomial>
	      </int_ops>
	    </op_count>
	    <send out_id="24" prob="1">
	      <byte_amount>
		<polynomial>
		  <param value="16384" exp="0"/>
		</polynomial>
	      </byte_amount>
	    </send>
	    <next_state value="READY"/>
	  </exec_count>
	</trigger>
	<trigger>
	  <in_port id="43"/>
	  <exec_count>
	    <op_count>
	      <int_ops>
		<polynomial>
		  <param value="1" exp="0"/>
		</polynomial>
	      </int_ops>
	    </op_count>
	    <send out_id="40" prob="1">
	      <byte_amount>
		<polynomial>
		  <param value="88576" exp="0"/>
		</polynomial>
	      </byte_amount>
	    </send>
	    <next_state value="READY"/>
	  </exec_count>
	</trigger>
      </task>

      
      <task name="upsp" id="6" class="general">
	<in_port id="31"/>
	<in_port id="39"/>
	<out_port id="28"/>
	<out_port id="36"/>
	<trigger>
	  <in_port id="31"/>
	  <exec_count>
	    <op_count>
	      <int_ops>
		<polynomial>
		  <param value="1" exp="0"/>
		</polynomial>
	      </int_ops>
	    </op_count>
	    <send out_id="28" prob="1">
	      <byte_amount>
		<polynomial>
		  <param value="465920" exp="0"/>
		</polynomial>
	      </byte_amount>
	    </send>
	    <next_state value="READY"/>
	  </exec_count>
	</trigger>
	<trigger>
	  <in_port id="39"/>
	  <exec_count>
	    <op_count>
	      <int_ops>
		<polynomial>
		  <param value="1" exp="0"/>
		</polynomial>
	      </int_ops>
	    </op_count>
	    <send out_id="36" prob="1">
	      <byte_amount>
		<polynomial>
		  <param value="343040" exp="0"/>
		</polynomial>
	      </byte_amount>
	    </send>
	    <next_state value="READY"/>
	  </exec_count>
	</trigger>
      </task>

      
      <task name="au" id="7" class="general">
	<in_port id="35"/>
	<out_port id="32"/>
	<trigger>
	  <in_port id="35"/>
	  <exec_count>
	    <op_count>
	      <int_ops>
		<polynomial>
		  <param value="1" exp="0"/>
		</polynomial>
	      </int_ops>
	    </op_count>
	    <send out_id="32" prob="1">
	      <byte_amount>
		<polynomial>
		  <param value="256" exp="0"/>
		</polynomial>
	      </byte_amount>
	    </send>
	    <next_state value="READY"/>
	  </exec_count>
	</trigger>
      </task>

      
      <task name="sram1" id="8" class="general">
	<in_port id="19"/>
	<in_port id="23"/>
	<in_port id="55"/>
	<out_port id="16"/>
	<out_port id="20"/>
	<trigger>
	  <in_port id="55"/>
	  <exec_count>
	    <op_count>
	      <int_ops>
		<polynomial>
		  <param value="1" exp="0"/>
		</polynomial>
	      </int_ops>
	    </op_count>
	    <send out_id="16" prob="1">
	      <byte_amount>
		<polynomial>
		  <param value="20480" exp="0"/>
		</polynomial>
	      </byte_amount>
	    </send>
	    <send out_id="20" prob="1">
	      <byte_amount>
		<polynomial>
		  <param value="20480" exp="0"/>
		</polynomial>
	      </byte_amount>
	    </send>
	    <next_state value="READY"/>
	  </exec_count>
	</trigger>
	<trigger>
	  <in_port id="19"/>
	  <in_port id="23"/>
	  <exec_count>
	    <op_count>
	      <int_ops>
		<polynomial>
		  <param value="1" exp="0"/>
		</polynomial>
	      </int_ops>
	    </op_count>
	    <next_state value="READY"/>
	  </exec_count>	  
	</trigger>
      </task>

      
      <task name="sram2" id="9" class="general">
	<in_port id="41"/>
	<in_port id="37"/>
	<in_port id="57"/>
	<in_port id="49"/>
	<in_port id="45"/>
	<out_port id="42"/>
	<out_port id="38"/>
	<out_port id="50"/>
	<out_port id="46"/>
	<trigger>
	  <in_port id="57"/>
	  <exec_count>
	    <op_count>
	      <int_ops>
		<polynomial>
		  <param value="1" exp="0"/>
		</polynomial>
	      </int_ops>
	    </op_count>
	    <send out_id="42" prob="1">
	      <byte_amount>
		<polynomial>
		  <param value="88576" exp="0"/>
		</polynomial>
	      </byte_amount>
	    </send>
	    <send out_id="38" prob="1">
	      <byte_amount>
		<polynomial>
		  <param value="343040" exp="0"/>
		</polynomial>
	      </byte_amount>
	    </send>
	    <send out_id="50" prob="1">
	      <byte_amount>
		<polynomial>
		  <param value="256000" exp="0"/>
		</polynomial>
	      </byte_amount>
	    </send>
	    <send out_id="46" prob="1">
	      <byte_amount>
		<polynomial>
		  <param value="128000" exp="0"/>
		</polynomial>
	      </byte_amount>
	    </send>
	    <next_state value="READY"/>
	  </exec_count>
	</trigger>
	<trigger>
	  <in_port id="41"/>
	  <in_port id="37"/>
	  <in_port id="49"/>
	  <in_port id="45"/>
	  <exec_count>
	    <op_count>
	      <int_ops>
		<polynomial>
		  <param value="1" exp="0"/>
		</polynomial>
	      </int_ops>
	    </op_count>
	    <next_state value="READY"/>
	  </exec_count>
	</trigger>
      </task>

      
      <task name="risc" id="10" class="general">
	<in_port id="51"/>
	<out_port id="48"/>
	<trigger>
	  <in_port id="51"/>
	  <exec_count>
	    <op_count>
	      <int_ops>
		<polynomial>
		  <param value="1" exp="0"/>
		</polynomial>
	      </int_ops>
	    </op_count>
	    <send out_id="48" prob="1">
	      <byte_amount>
		<polynomial>
		  <param value="256000" exp="0"/>
		</polynomial>
	      </byte_amount>
	    </send>
	    <next_state value="READY"/>
	  </exec_count>
	</trigger>
      </task>


      <task name="idct" id="11" class="general">
	<in_port id="47"/>
	<out_port id="44"/>
	<trigger>
	  <in_port id="47"/>
	  <exec_count>
	    <op_count>
	      <int_ops>
		<polynomial>
		  <param value="1" exp="0"/>
		</polynomial>
	      </int_ops>
	    </op_count>
	    <send out_id="44" prob="1">
	      <byte_amount>
		<polynomial>
		  <param value="128000" exp="0"/>
		</polynomial>
	      </byte_amount>
	    </send>
	    <next_state value="READY"/>
	  </exec_count>
	</trigger>
      </task>


      <port_connection src="0" dst="1"/>
      <port_connection src="2" dst="3"/>
      <port_connection src="4" dst="5"/>
      <port_connection src="6" dst="7"/>
      <port_connection src="8" dst="9"/>
      <port_connection src="10" dst="11"/>
      <port_connection src="12" dst="13"/>
      <port_connection src="14" dst="15"/>
      <port_connection src="16" dst="17"/>
      <port_connection src="18" dst="19"/>
      <port_connection src="20" dst="21"/>
      <port_connection src="22" dst="23"/>
      <port_connection src="24" dst="25"/>
      <port_connection src="26" dst="27"/>
      <port_connection src="28" dst="29"/>
      <port_connection src="30" dst="31"/>
      <port_connection src="32" dst="33"/>
      <port_connection src="34" dst="35"/>
      <port_connection src="36" dst="37"/>
      <port_connection src="38" dst="39"/>
      <port_connection src="40" dst="41"/>
      <port_connection src="42" dst="43"/>
      <port_connection src="44" dst="45"/>
      <port_connection src="46" dst="47"/>
      <port_connection src="48" dst="49"/>
      <port_connection src="50" dst="51"/>
      <port_connection src="52" dst="53"/>
      <port_connection src="54" dst="55"/>
      <port_connection src="56" dst="57"/>


      <event_list>
	<event out_port_id="52" amount="1" 
	       name="TriggeringInput" id="12" period="0.1" prob="1"/>
	<event out_port_id="54" amount="1" 
	       name="TriggeringInput1" id="13" period="0.1" prob="1"/>
	<event out_port_id="56" amount="1" 
	       name="TriggeringInput2" id="14" period="0.1" prob="1"/>
      </event_list>

    </task_graph>
    
  </application>

  
  <!-- ************************************************************* -->
  <!-- * MAPPING                                                   * -->
  <!-- ************************************************************* -->


  <mapping>

    <resource name="r0" id="0" contents="mutable">
	<group position="movable" name="g0" id="0" contents="mutable">
	  <task position="movable" name="sdram" id="0"/>
	</group>
    </resource>

    <resource name="r1" id="1" contents="mutable">
	<group position="movable" name="g1" id="1" contents="mutable">
	  <task position="movable" name="vu" id="1"/>
	</group>
    </resource>

    <resource name="r2" id="2" contents="mutable">
	<group position="movable" name="g2" id="2" contents="mutable">
	  <task position="movable" name="adsp" id="2"/>
	</group>
    </resource>

    <resource name="r3" id="3" contents="mutable">
	<group position="movable" name="g3" id="3" contents="mutable">
	  <task position="movable" name="mcpu" id="3"/>
	</group>
    </resource>

    <resource name="r4" id="4" contents="mutable">
	<group position="movable" name="g4" id="4" contents="mutable">
	  <task position="movable" name="rast" id="4"/>
	</group>
    </resource>

    <resource name="r5" id="5" contents="mutable">
	<group position="movable" name="g5" id="5" contents="mutable">
	  <task position="movable" name="bab" id="5"/>
	</group>
    </resource>

    <resource name="r6" id="6" contents="mutable">
	<group position="movable" name="g6" id="6" contents="mutable">
	  <task position="movable" name="upsp" id="6"/>
	</group>
    </resource>

    <resource name="r7" id="7" contents="mutable">
	<group position="movable" name="g7" id="7" contents="mutable">
	  <task position="movable" name="au" id="7"/>
	</group>
    </resource>

    <resource name="r8" id="8" contents="mutable">
	<group position="movable" name="g8" id="8" contents="mutable">
	  <task position="movable" name="sram1" id="8"/>
	</group>
    </resource>

    <resource name="r9" id="9" contents="mutable">
	<group position="movable" name="g9" id="9" contents="mutable">
	  <task position="movable" name="sram2" id="9"/>
	</group>
    </resource>

    <resource name="r10" id="10" contents="mutable">
	<group position="movable" name="g10" id="10" contents="mutable">
	  <task position="movable" name="risc" id="10"/>
	</group>
    </resource>

    <resource name="r11" id="11" contents="mutable">
	<group position="movable" name="g11" id="11" contents="mutable">
	  <task position="movable" name="idct" id="11"/>
	</group>
    </resource>

  </mapping>

  
  <!-- ************************************************************* -->
  <!-- * PLATFORM                                                  * -->
  <!-- ************************************************************* -->

  
  <platform> 
    <resource_list>

      <resource id="0" name="r0" frequency="100" type="CPU_TYPE_1"  
		rx_buffer_size="0" tx_buffer_size="0" packet_size="8">
      </resource>

      <resource id="1" name="r1" frequency="100" type="CPU_TYPE_1"
		rx_buffer_size="0" tx_buffer_size="0" packet_size="8">
      </resource>

      <resource id="2" name="r2" frequency="100" type="CPU_TYPE_1"
		rx_buffer_size="0" tx_buffer_size="0" packet_size="8">
      </resource>

      <resource id="3" name="r3" frequency="100" type="CPU_TYPE_1"
		rx_buffer_size="0" tx_buffer_size="0" packet_size="8">
      </resource>

      <resource id="4" name="r4" frequency="100" type="CPU_TYPE_1"
		rx_buffer_size="0" tx_buffer_size="0" packet_size="8">
      </resource>

      <resource id="5" name="r5" frequency="100" type="CPU_TYPE_1"
		rx_buffer_size="0" tx_buffer_size="0" packet_size="8">
      </resource>

      <resource id="6" name="r6" frequency="100" type="CPU_TYPE_1"
		rx_buffer_size="0" tx_buffer_size="0" packet_size="8">
      </resource>

      <resource id="7" name="r7" frequency="100" type="CPU_TYPE_1"
		rx_buffer_size="0" tx_buffer_size="0" packet_size="8">
      </resource>

      <resource id="8" name="r8" frequency="100" type="CPU_TYPE_1"
		rx_buffer_size="0" tx_buffer_size="0" packet_size="8">
      </resource>

      <resource id="9" name="r9" frequency="100" type="CPU_TYPE_1"
		rx_buffer_size="0" tx_buffer_size="0" packet_size="8">
      </resource>

      <resource id="10" name="r10" frequency="100" type="CPU_TYPE_1"
		rx_buffer_size="0" tx_buffer_size="0" packet_size="8">
      </resource>

      <resource id="11" name="r11" frequency="100" type="CPU_TYPE_1"
		rx_buffer_size="0" tx_buffer_size="0" packet_size="8">
      </resource>

      <resource id="12" name="r12" frequency="100" type="CPU_TYPE_1"
		rx_buffer_size="0" tx_buffer_size="0" packet_size="8">
      </resource>

      <resource id="13" name="r13" frequency="100" type="CPU_TYPE_1"
		rx_buffer_size="0" tx_buffer_size="0" packet_size="8">
      </resource>

      <resource id="14" name="r14" frequency="100" type="CPU_TYPE_1"
		rx_buffer_size="0" tx_buffer_size="0" packet_size="8">
      </resource>

      <resource id="15" name="r15" frequency="100" type="CPU_TYPE_1"
		rx_buffer_size="0" tx_buffer_size="0" packet_size="8">
      </resource>

    </resource_list>
    
      
  </platform>


  <constraints>
    <noc class="mesh_2d" type="sc_tlm_1" subtype="4x4"/>


    <!-- Seed for random number generator, comment out for random seed -->
    <rng_seed       value="42"/>

    <!-- Used in standalone mode, not with e.g. Modelsim -->
    <sim_resolution time="1.0"   unit="ns"/>
    <sim_length     time="500"   unit="ms"/>

    <!-- interval between measurements 
	 (both averages and snapshots) -->
    <measurements   time="5"   unit="ms"/>   

  
    <!-- true if using Execution Monitor,
	 uncomment or set false to disable,
	 not effect if TG is not compiled with USE_EXECMON flag -->
    <log_exec_mon file="log_execmon.txt"/>


    <!-- Path to PE lib file -->
    <pe_lib         file="examples/pe_lib.xml"/>

    <!-- Paths to log files, comment out to disable logging -->
    <log_packet      file="log_packet.csv"/>
    <log_token       file="log_token.csv"/>
    <log_summary     file="log_summary.csv"/>
    <log_pe          file="log_pe.csv"/>
    <log_app         file="log_app.csv"/>
  
    <cost_function   func="tc_0"/>
    <cost_function   func="tc_1"/>
    <cost_function   func="tc_2"/>
    <cost_function   func="tc_3"/>

    <cost_function   func="tc_4"/>
    <cost_function   func="tc_5"/>
    <cost_function   func="tc_6"/>
    <cost_function   func="tc_7"/>

    <cost_function   func="tc_8"/>
    <cost_function   func="tc_9"/>
    <cost_function   func="tc_10"/>
    <cost_function   func="tc_11"/>
    
  </constraints>

</system>
