
<!-- ************************************************************************** -->
<!--  Copyright 2011 Tampere University of Technology                           -->
<!--                                                                            -->
<!--  This file is part of Transaction Generator.                               -->
<!--                                                                            -->
<!--  Transaction Generator is free software: you can redistribute it and/or    -->
<!--  modify it under the terms of the Lesser GNU General Public License as     -->
<!--  published by the Free Software Foundation, either version 3 of the        -->
<!--  License, or (at your option) any later version.                           -->
<!--                                                                            -->
<!--  Transaction Generator is distributed in the hope that it will be useful,  -->
<!--  but WITHOUT ANY WARRANTY; without even the implied warranty of            -->
<!--  MERCHANTABILITY or FITNESS FOR A PARTICULAR PURPOSE.  See the             -->
<!--  Lesser GNU General Public License for more details.                       -->
<!--                                                                            -->
<!--  You should have received a copy of the Lesser GNU General Public Licenes  -->
<!--  along with Transaction Generator. If not, see                             -->
<!--  <http://www.gnu.org/licenses/>.                                           -->
<!--                                                                            -->
<!-- ************************************************************************** -->


<!-- ************************************************************************** -->
<!-- Multiwindow Display, (MWD) model                                           -->
<!-- Author:   Lasse Lehtonen, Department of Computer Systems,                  -->
<!--           Tampere University of Technology                                 -->
<!-- Modified: 27.05.2011                                                       -->
<!-- Based on: "Noc synthesis flow for customized domain spesific               -->
<!--            multiprocessor systems-on-chip". D. Bertozzi, A. Jalabert,      -->
<!--            S. Murali, R. Tamhankar, L. Benini and G. de Micheli.           -->
<!--            IEEE Trans. Parallel Distrib.  Syst. vol. 16. no 2.             -->
<!--            pp. 113-129. February 2005.                                     -->
<!--                                                                            -->
<!--           Tasks      12, op_counts: no                                     -->
<!--           Events     1                                                     -->
<!--           Resources  16                                                    -->
<!--                                                                            -->
<!-- ************************************************************************** -->
<?xml version='1.0'?>
<!DOCTYPE system_description>
<system xmlns:xsi="http://www.w3.org/2001/XMLSchema-instance" 
	xsi:noNamespaceSchemaLocation="xsm_content_model.xsd">
  <xsm_version value="4"/>
  
  <application>
    <task_graph>
         
      <task name="Task0_in" id="0" class="general">
	<in_port id="27"/>
	<out_port id="0"/>
	<out_port id="14"/>
	<trigger>
	  <in_port id="27"/>
	  <exec_count>
	    <op_count>
	      <int_ops>
		<polynomial>
		  <param value="1" exp="0"/>
		</polynomial>
	      </int_ops>
	    </op_count>
	    <send out_id="0" prob="1">
	      <byte_amount>
		<polynomial>
		  <param value="2048" exp="0"/>
		</polynomial>
	      </byte_amount>
	    </send>
	    <send out_id="14" prob="1">
	      <byte_amount>
		<polynomial>
		  <param value="4096" exp="0"/>
		</polynomial>
	      </byte_amount>
	    </send>
	    <next_state value="READY"/>
	  </exec_count>
	</trigger>
      </task>


      <task name="Task1_nr" id="1" class="general">
	<in_port id="1"/>
	<in_port id="5"/>
	<out_port id="2"/>
	<out_port id="6"/>
	<trigger>
	  <in_port id="1"/>
	  <exec_count>
	    <op_count>
	      <int_ops>
		<polynomial>
		  <param value="1" exp="0"/>
		</polynomial>
	      </int_ops>
	    </op_count>
	    <send out_id="2" prob="1">
	      <byte_amount>
		<polynomial>
		  <param value="2048" exp="0"/>
		</polynomial>
	      </byte_amount>
	    </send>
	    <next_state value="READY"/>
	  </exec_count>
	</trigger>
	<trigger>
	  <in_port id="5"/>
	  <exec_count>
	    <op_count>
	      <int_ops>
		<polynomial>
		  <param value="1" exp="0"/>
		</polynomial>
	      </int_ops>
	    </op_count>
	    <send out_id="6" prob="1">
	      <byte_amount>
		<polynomial>
		  <param value="3072" exp="0"/>
		</polynomial>
	      </byte_amount>
	    </send>
	    <next_state value="READY"/>
	  </exec_count>
	</trigger>
      </task>

      <task name="Task2_mem1" id="2" class="general">
	<in_port id="3"/>
	<out_port id="4"/>
	<trigger>
	  <in_port id="3"/>
	  <exec_count>
	    <op_count>
	      <int_ops>
		<polynomial>
		  <param value="1" exp="0"/>
		</polynomial>
	      </int_ops>
	    </op_count>
	    <send out_id="4" prob="1">
	      <byte_amount>
		<polynomial>
		  <param value="2048" exp="0"/>
		</polynomial>
	      </byte_amount>
	    </send>
	    <next_state value="READY"/>
	  </exec_count>
	</trigger>
      </task>

      <task name="Task3_vs" id="3" class="general">
	<in_port id="17"/>
	<out_port id="18"/>
	<trigger>
	  <in_port id="17"/>
	  <exec_count>
	    <op_count>
	      <int_ops>
		<polynomial>
		  <param value="1" exp="0"/>
		</polynomial>
	      </int_ops>
	    </op_count>
	    <send out_id="18" prob="1">
	      <byte_amount>
		<polynomial>
		  <param value="3072" exp="0"/>
		</polynomial>
	      </byte_amount>
	    </send>
	    <next_state value="READY"/>
	  </exec_count>
	</trigger>
      </task>

      <task name="Task4_hs" id="4" class="general">
	<in_port id="15"/>
	<out_port id="16"/>
	<trigger>
	  <in_port id="15"/>
	  <exec_count>
	    <op_count>
	      <int_ops>
		<polynomial>
		  <param value="1" exp="0"/>
		</polynomial>
	      </int_ops>
	    </op_count>
	    <send out_id="16" prob="1">
	      <byte_amount>
		<polynomial>
		  <param value="3072" exp="0"/>
		</polynomial>
	      </byte_amount>
	    </send>
	    <next_state value="READY"/>
	  </exec_count>
	</trigger>
      </task>

      <task name="Task5_mem2" id="5" class="general">
	<in_port id="7"/>
	<out_port id="8"/>
	<trigger>
	  <in_port id="7"/>
	  <exec_count>
	    <op_count>
	      <int_ops>
		<polynomial>
		  <param value="1" exp="0"/>
		</polynomial>
	      </int_ops>
	    </op_count>
	    <send out_id="8" prob="1">
	      <byte_amount>
		<polynomial>
		  <param value="3072" exp="0"/>
		</polynomial>
	      </byte_amount>
	    </send>
	    <next_state value="READY"/>
	  </exec_count>
	</trigger>
      </task>

      <task name="Task6_hrs" id="6" class="general">
	<in_port id="9"/>
	<out_port id="10"/>
	<trigger>
	  <in_port id="9"/>
	  <exec_count>
	    <op_count>
	      <int_ops>
		<polynomial>
		  <param value="1" exp="0"/>
		</polynomial>
	      </int_ops>
	    </op_count>
	    <send out_id="10" prob="1">
	      <byte_amount>
		<polynomial>
		  <param value="3072" exp="0"/>
		</polynomial>
	      </byte_amount>
	    </send>
	    <next_state value="READY"/>
	  </exec_count>
	</trigger>
      </task>

      <task name="Task7_jug1" id="7" class="general">
	<in_port id="19"/>
	<out_port id="20"/>
	<trigger>
	  <in_port id="19"/>
	  <exec_count>
	    <op_count>
	      <int_ops>
		<polynomial>
		  <param value="1" exp="0"/>
		</polynomial>
	      </int_ops>
	    </op_count>
	    <send out_id="20" prob="1">
	      <byte_amount>
		<polynomial>
		  <param value="3072" exp="0"/>
		</polynomial>
	      </byte_amount>
	    </send>
	    <next_state value="READY"/>
	  </exec_count>
	</trigger>
      </task>

      <task name="Task8_mem3" id="8" class="general">
	<in_port id="21"/>
	<in_port id="13"/>
	<out_port id="22"/>
	<trigger dependence_type="and">
	  <in_port id="21"/>
	  <in_port id="13"/>
	  <exec_count>
	    <op_count>
	      <int_ops>
		<polynomial>
		  <param value="1" exp="0"/>
		</polynomial>
	      </int_ops>
	    </op_count>
	    <send out_id="22" prob="1">
	      <byte_amount>
		<polynomial>
		  <param value="2048" exp="0"/>
		</polynomial>
	      </byte_amount>
	    </send>
	    <next_state value="READY"/>
	  </exec_count>
	</trigger>
      </task>

      <task name="Task9_jug2" id="9" class="general">
	<in_port id="11"/>
	<out_port id="12"/>
	<trigger>
	  <in_port id="11"/>
	  <exec_count>
	    <op_count>
	      <int_ops>
		<polynomial>
		  <param value="1" exp="0"/>
		</polynomial>
	      </int_ops>
	    </op_count>
	    <send out_id="12" prob="1">
	      <byte_amount>
		<polynomial>
		  <param value="3072" exp="0"/>
		</polynomial>
	      </byte_amount>
	    </send>
	    <next_state value="READY"/>
	  </exec_count>
	</trigger>
      </task>

      <task name="Task10_se" id="10" class="general">
	<in_port id="23"/>
	<out_port id="24"/>
	<trigger>
	  <in_port id="23"/>
	  <exec_count>
	    <op_count>
	      <int_ops>
		<polynomial>
		  <param value="1" exp="0"/>
		</polynomial>
	      </int_ops>
	    </op_count>
	    <send out_id="24" prob="1">
	      <byte_amount>
		<polynomial>
		  <param value="2048" exp="0"/>
		</polynomial>
	      </byte_amount>
	    </send>
	    <next_state value="READY"/>
	  </exec_count>
	</trigger>
      </task>

      <task name="Task11_blend" id="11" class="general">
	<in_port id="25"/>
	<trigger>
	  <in_port id="25"/>
	  <exec_count>
	    <op_count>
	      <int_ops>
		<polynomial>
		  <param value="1" exp="0"/>
		</polynomial>
	      </int_ops>
	    </op_count>
	    <next_state value="READY"/>
	  </exec_count>
	</trigger>
      </task>  


      <port_connection src="0" dst="1"/>
      <port_connection src="2" dst="3"/>
      <port_connection src="4" dst="5"/>
      <port_connection src="6" dst="7"/>
      <port_connection src="8" dst="9"/>
      <port_connection src="10" dst="11"/>
      <port_connection src="12" dst="13"/>
      <port_connection src="14" dst="15"/>
      <port_connection src="16" dst="17"/>
      <port_connection src="18" dst="19"/>
      <port_connection src="20" dst="21"/>
      <port_connection src="22" dst="23"/>
      <port_connection src="24" dst="25"/>
      <port_connection src="26" dst="27"/>
      
   

   <event_list>
	<event out_port_id="26" amount="1" count="32768" name="TriggeringInput" 
	       id="12" period="0.000030517578125" prob="1"/>
      </event_list>
    </task_graph>
    
  </application>

  
  <!-- ************************************************************* -->
  <!-- * MAPPING                                                   * -->
  <!-- ************************************************************* -->


  <mapping>

    <resource name="r_in" id="0" contents="mutable">
      <group position="movable" name="g0" id="0" contents="mutable">
	<task position="movable" name="Task0_in" id="0"/>
      </group>
    </resource>

    <resource name="r_nr" id="1" contents="mutable">
      <group position="movable" name="g1" id="1" contents="mutable">
	<task position="movable" name="Task1_nr" id="1"/>
      </group>
    </resource>

    <resource name="r_mem1" id="2" contents="mutable">
      <group position="movable" name="g2" id="2" contents="mutable">
	<task position="movable" name="Task2_mem1" id="2"/>
      </group>
    </resource>

    <resource name="r_vs" id="3" contents="mutable">
      <group position="movable" name="g3" id="3" contents="mutable">
	<task position="movable" name="Task3_vs" id="3"/>
      </group>
    </resource>

    <resource name="r_hs" id="4" contents="mutable">
      <group position="movable" name="g4" id="4" contents="mutable">
	<task position="movable" name="Task4_hs" id="4"/>
      </group>
    </resource>

    <resource name="r_mem2" id="5" contents="mutable">
      <group position="movable" name="g5" id="5" contents="mutable">
	<task position="movable" name="Task5_mem2" id="5"/>
      </group>
    </resource>

    <resource name="r_hvs" id="6" contents="mutable">
      <group position="movable" name="g6" id="6" contents="mutable">
	<task position="movable" name="Task6_hvs" id="6"/>
      </group>
    </resource>

    <resource name="r_jug1" id="7" contents="mutable">
      <group position="movable" name="g7" id="7" contents="mutable">
	<task position="movable" name="Task7_jug1" id="7"/>
      </group>
    </resource>

    <resource name="r_mem3" id="8" contents="mutable">
      <group position="movable" name="g8" id="8" contents="mutable">
	<task position="movable" name="Task8_mem3" id="8"/>
      </group>
    </resource>

    <resource name="r_jug2" id="9" contents="mutable">
      <group position="movable" name="g9" id="9" contents="mutable">
	<task position="movable" name="Task9_jug2" id="9"/>
      </group>
    </resource>

    <resource name="r_se" id="10" contents="mutable">
      <group position="movable" name="g10" id="10" contents="mutable">
	<task position="movable" name="Task10_se" id="10"/>
      </group>
    </resource>

    <resource name="r_blend" id="11" contents="mutable">
      <group position="movable" name="g11" id="11" contents="mutable">
	<task position="movable" name="Task11_blend" id="11"/>
      </group>
    </resource>

 <resource name="r12" id="12" contents="mutable">
	<group position="movable" name="g12" id="12" contents="mutable">
	</group>
    </resource>

  <resource name="r13" id="13" contents="mutable">
	<group position="movable" name="g13" id="13" contents="mutable">
	</group>
    </resource>

  <resource name="r14" id="14" contents="mutable">
	<group position="movable" name="g14" id="14" contents="mutable">
	</group>
    </resource>

  <resource name="r15" id="15" contents="mutable">
	<group position="movable" name="g15" id="15" contents="mutable">
	</group>
    </resource>

  </mapping>

  
  <!-- ************************************************************* -->
  <!-- * PLATFORM                                                  * -->
  <!-- ************************************************************* -->

  
  <platform> 
    <resource_list>

      <resource id="0" name="r_in" frequency="10000" type="CPU_TYPE_1"
		rx_buffer_size="0" tx_buffer_size="0" packet_size="8">
      </resource>

      <resource id="1" name="r_nr" frequency="10000" type="CPU_TYPE_1"
		rx_buffer_size="0" tx_buffer_size="0" packet_size="8">
      </resource>

      <resource id="2" name="r_mem1" frequency="10000" type="CPU_TYPE_1"
		rx_buffer_size="0" tx_buffer_size="0" packet_size="8">
      </resource>

      <resource id="3" name="r_vs" frequency="10000" type="CPU_TYPE_1"
		rx_buffer_size="0" tx_buffer_size="0" packet_size="8">
      </resource>

      <resource id="4" name="r_hs" frequency="10000" type="CPU_TYPE_1"
		rx_buffer_size="0" tx_buffer_size="0" packet_size="8">
      </resource>

      <resource id="5" name="r_mem2" frequency="10000" type="CPU_TYPE_1"
		rx_buffer_size="0" tx_buffer_size="0" packet_size="8">
      </resource>

      <resource id="6" name="r_hvs" frequency="10000" type="CPU_TYPE_1"
		rx_buffer_size="0" tx_buffer_size="0" packet_size="8">
      </resource>

      <resource id="7" name="r_jug1" frequency="10000" type="CPU_TYPE_1"
		rx_buffer_size="0" tx_buffer_size="0" packet_size="8">
      </resource>

      <resource id="8" name="r_mem3" frequency="10000" type="CPU_TYPE_1"
		rx_buffer_size="0" tx_buffer_size="0" packet_size="8">
      </resource>

      <resource id="9" name="r_jug2" frequency="10000" type="CPU_TYPE_1"
		rx_buffer_size="0" tx_buffer_size="0" packet_size="8">
      </resource>

      <resource id="10" name="r_se" frequency="10000" type="CPU_TYPE_1"
		rx_buffer_size="0" tx_buffer_size="0" packet_size="8">
      </resource>

      <resource id="11" name="r_blend" frequency="10000" type="CPU_TYPE_1"
		rx_buffer_size="0" tx_buffer_size="0" packet_size="8">
      </resource>

      <resource id="12" name="r12" frequency="100" type="CPU_TYPE_1"
		rx_buffer_size="0" tx_buffer_size="0" packet_size="8">
      </resource>
      
    <resource id="13" name="r13" frequency="100" type="CPU_TYPE_1"
	      rx_buffer_size="0" tx_buffer_size="0" packet_size="8">
    </resource>

    <resource id="14" name="r14" frequency="100" type="CPU_TYPE_1"
	      rx_buffer_size="0" tx_buffer_size="0" packet_size="8">
    </resource>
    
    <resource id="15" name="r15" frequency="100" type="CPU_TYPE_1"
	      rx_buffer_size="0" tx_buffer_size="0" packet_size="8">
    </resource>
    
    </resource_list>
        

  </platform>

<constraints>
  <noc class="mesh_2d" type="sc_tlm_1" subtype="4x4"/>
  
  <!-- Seed for random number generator, comment out for random seed -->
    <rng_seed       value="42"/>

    <!-- Used in standalone mode, not with e.g. Modelsim -->
    <sim_resolution time="1.0"   unit="ns"/>
    <sim_length     time="1.1"   unit="s"/>

    <!-- interval between measurements 
	 (both averages and snapshots) -->
    <measurements   time="100"   unit="ms"/>   

  
    <!-- true if using Execution Monitor,
	 uncomment or set false to disable,
	 not effect if TG is not compiled with USE_EXECMON flag -->
    <log_exec_mon file="log_execmon.txt"/>


    <!-- Path to PE lib file -->
    <pe_lib         file="examples/pe_lib.xml"/>

    <!-- Paths to log files, comment out to disable logging -->
    <log_packet      file="log_packet.csv"/>
    <log_token       file="log_token.csv"/>
    <log_summary     file="log_summary.csv"/>
    <log_pe          file="log_pe.csv"/>
    <log_app         file="log_app.csv"/>
  
    <cost_function   func="tc_0"/>
    <cost_function   func="tc_1"/>
    <cost_function   func="tc_2"/>
    <cost_function   func="tc_3"/>
    <cost_function   func="tc_4"/>
    <cost_function   func="tc_5"/>
    <cost_function   func="tc_6"/>
    <cost_function   func="tc_7"/>
    <cost_function   func="tc_8"/>
    <cost_function   func="tc_9"/>
    <cost_function   func="tc_10"/>
    <cost_function   func="tc_11"/>
    
  </constraints>


</system>
