<!-- ************************************************************************** -->
<!--  Copyright 2011 Tampere University of Technology                           -->
<!--                                                                            -->
<!--  This file is part of Transaction Generator.                               -->
<!--                                                                            -->
<!--  Transaction Generator is free software: you can redistribute it and/or    -->
<!--  modify it under the terms of the Lesser GNU General Public License as     -->
<!--  published by the Free Software Foundation, either version 3 of the        -->
<!--  License, or (at your option) any later version.                           -->
<!--                                                                            -->
<!--  Transaction Generator is distributed in the hope that it will be useful,  -->
<!--  but WITHOUT ANY WARRANTY; without even the implied warranty of            -->
<!--  MERCHANTABILITY or FITNESS FOR A PARTICULAR PURPOSE.  See the             -->
<!--  Lesser GNU General Public License for more details.                       -->
<!--                                                                            -->
<!--  You should have received a copy of the Lesser GNU General Public Licenes  -->
<!--  along with Transaction Generator. If not, see                             -->
<!--  <http://www.gnu.org/licenses/>.                                           -->
<!--                                                                            -->
<!-- ************************************************************************** -->


<!-- ************************************************************************** -->
<!-- OFDM (HiperLan/2) receiver model                                           -->
<!-- Author:   Esko Pekkarinen, Department of Computer Systems,                 -->
<!--           Tampere University of Technology                                 -->
<!-- Modified: 27.05.2011                                                       -->
<!-- Based on: "Exploration withing the Network-On-Chip Paradigm"               -->
<!--            Pascal T. Wolkotte. PhD Thesis. University of Twente.           -->
<!--	       CTIT Ph.D.-thesis series No. 09-133 ISBN 978-90-365-2757-6.      -->
<!--           and                                                              -->
<!--	       "Multi-standard adaptive wireless communication receivers"       -->
<!--	       Gerard Rauwerda. PhD Thesis. University of Twente.               -->
<!--	       CTIT Ph.D.-thesis series No. 08-109 ISBN 978-90-365-2607-4.      -->
<!--                                                                            -->
<!--           Tasks      8, op_counts: yes                                     -->
<!--           Events     1, 250 Khz                                            -->
<!--           Resources  4                                                     -->
<!--                                                                            -->
<!-- ************************************************************************** -->
<!-- SYSTEM PROPERTIES:                                                         --> 
<!-- frame period             2 ms      = simulation time (default)             -->
<!-- symbols/frame            500                                               -->
<!-- samples/symbol           24-80                                             -->
<!-- sample size              4 bytes                                           -->
<!-- ************************************************************************** --> 
<!-- Tested with:                                                               -->
<!-- fcpu                     250MHz                                            -->
<!-- fnoc                     500MHz                                            -->
<!-- router packet size       4 (bytes)                                         -->
<!-- ************************************************************************** --> 
<?xml version='1.0'?>
<!DOCTYPE system>
<system xmlns:xsi="http://www.w3.org/2001/XMLSchema-instance" 
	xsi:noNamespaceSchemaLocation="C:/koski/lib/UML_PA~1/../../koskigui/XSM_CO~1.XSD">
  <xsm_version value="4"/>
  <application>
    <task_graph>  

      <task name="ADC" id="0" class="general">
	<in_port id="0"/>
	<in_port id="1"/>
	<out_port id="5"/>
	<out_port id="6"/>
	<trigger>
	  <in_port id="0"/>
	  <!-- start for symbol generation -->
	  <exec_count>
	    <op_count>
	      <float_ops>
		<polynomial>
		  <param value="0" exp="0"/>
		</polynomial>
	      </float_ops>
	    </op_count>
	    <send out_id="6" prob="5">
	      <byte_amount>
		<polynomial>
		  <param value="320" exp="0"/>
		</polynomial>
	      </byte_amount>
	    </send>
	    <send out_id="5" prob="1">
	      <byte_amount>
		<polynomial>
		  <param value="4" exp="0"/>
		</polynomial>
	      </byte_amount>
	    </send>
	    <next_state value="READY"/>
	  </exec_count>
	</trigger>
      </task>     

      <task name="Prefix_removal" id="1" class="general">
	<in_port id="10"/>
	<in_port id="11"/>
	<out_port id="15"/>
	<out_port id="16"/>
	<trigger>
	  <in_port id="10"/>
	  <!-- receive 80 samples (=1 symbol) before execution -->
	  <exec_count>
	    <op_count>
	      <float_ops>
		<polynomial>
		  <param value="32" exp="0"/> <!-- estimate -->
		</polynomial>
	      </float_ops>
	    </op_count>
	    <send out_id="16" prob="1">
	      <byte_amount>
		<polynomial>
		  <param value="1" exp="0"/>
		</polynomial>
	      </byte_amount>
	    </send>
	    <send out_id="15" prob="1">
	      <byte_amount>
		<polynomial>
		  <param value="256" exp="0"/>
		</polynomial>
	      </byte_amount>
	    </send>
	    <next_state value="READY"/>
	  </exec_count>
	</trigger>
      </task>
      
      <task  name="Freq_offset_correction" id="2" class="general">
	<in_port id="20"/>
	<in_port id="21"/>
	<out_port id="25"/>
	<out_port id="26"/>
	<trigger>
	  <in_port id="20"/>
	  <!-- receive 64 samples (=1 symbol) before execution -->
	  <exec_count>
	    <op_count>
	      <float_ops>
		<polynomial>
		  <param value="67" exp="0"/>
		</polynomial>
	      </float_ops>
	    </op_count>
	    <send out_id="26" prob="1">
	      <byte_amount>
		<polynomial>
		  <param value="4" exp="0"/>
		</polynomial>
	      </byte_amount>
	    </send>
	    <send out_id="25" prob="1">
	      <byte_amount>
		<polynomial>
		  <param value="256" exp="0"/>
		</polynomial>
	      </byte_amount>
	    </send>
	  </exec_count>
	</trigger>
      </task>
      
      <task  name="Inverse_OFDM" id="3" class="general">
	<in_port id="30"/>
	<in_port id="31"/>
	<out_port id="35"/>
	<out_port id="36"/>
	<trigger>
	  <in_port id="30"/>
	  <!-- receive 64 samples (=1 symbol) before execution -->
	  <exec_count>
	    <op_count>
	      <float_ops>
		<polynomial>
		  <param value="204" exp="0"/>
		</polynomial>
	      </float_ops>
	    </op_count>
	    <send out_id="36" prob="1">
	      <byte_amount>
		<polynomial>
		  <param value="4" exp="0"/>
		</polynomial>
	      </byte_amount>
	    </send>
	    <send out_id="35" prob="1">
	      <byte_amount>
		<polynomial>
		  <param value="208" exp="0"/>
		</polynomial>
	      </byte_amount>
	    </send>
	    <next_state value="READY"/>
	  </exec_count>	
	</trigger>
      </task>
      
      <task  name="Equalization" id="4" class="general">
	<in_port id="40"/>
	<in_port id="41"/>
	<out_port id="45"/>
	<out_port id="46"/>
	<trigger>'
	  <in_port id="40"/>
	  <!-- receive 52 samples (=1 symbol) before execution -->
	  <exec_count>
	    <op_count>
	      <float_ops>
		<polynomial>
		  <param value="40" exp="0"/>
		</polynomial>
	      </float_ops>
	    </op_count>
	    <send out_id="46" prob="1">
	      <byte_amount>
		<polynomial>
		  <param value="4" exp="0"/>
		</polynomial>
	      </byte_amount>
	    </send>
	    <send out_id="45" prob="1">
	      <byte_amount>
		<polynomial>
		  <param value="192" exp="0"/>
		</polynomial>
	      </byte_amount>
	    </send>
	  </exec_count>
	  <next_state value="READY"/>   
	</trigger>
      </task>
      
      <task  name="Phase_correction" id="5" class="general">
	<in_port id="50"/>
	<in_port id="51"/>
	<out_port id="55"/>
	<out_port id="56"/>
	<trigger>
	  <in_port id="50"/>
	  <!-- receive 48 samples (=1 symbol) before execution -->
	  <exec_count>
	    <op_count>
	      <float_ops>
		<polynomial>
		  <param value="40" exp="0"/>
		</polynomial>
	      </float_ops>
	    </op_count>
	    <send out_id="56" prob="1">
	      <byte_amount>
		<polynomial>
		  <param value="4" exp="0"/>
		</polynomial>
	      </byte_amount>
	    </send>
	    <send out_id="55" prob="1">
	      <byte_amount>
		<polynomial>
		  <param value="192" exp="0"/>
		</polynomial>
	      </byte_amount>
	    </send>
	    <next_state value="READY"/>
	  </exec_count>
	</trigger>
      </task>
      
      <task  name="Demapping" id="6" class="general">
	<in_port id="60"/>
	<in_port id="61"/>
	<out_port id="65"/>
	<out_port id="66"/>
	<trigger>
	  <in_port id="60"/>
	  <!-- receive 48 samples (=1 symbol) before execution -->
	  <exec_count>
	    <op_count>
	      <float_ops>
		<polynomial>
		  <param value="30" exp="0"/>
		</polynomial>
	      </float_ops>
	    </op_count>
	    <send out_id="65" prob="1">
	      <byte_amount>
		<polynomial>
		  <param value="96" exp="0"/>
		</polynomial>
	      </byte_amount>
	    </send>
	    <send out_id="66" prob="1">
	      <byte_amount>
		<polynomial>
		  <param value="1" exp="0"/>
		</polynomial>
	      </byte_amount>
	    </send>
	    <next_state value="READY"/>
	  </exec_count>
	</trigger>
      </task>
      
      <task  name="Ready" id="7" class="general">
	<in_port id="70"/>
	<trigger>
	  <in_port id="70"/>
	  <exec_count>
	    <op_count>
	      <float_ops>
		<polynomial>
		  <param value="0" exp="0"/>
		</polynomial>
	      </float_ops>
	    </op_count>
	    <next_state value="READY"/>
	  </exec_count>
	</trigger>
      </task>

      <event_list>		
	<event out_port_id="100" amount="1" name="ADC_input" id="1" 
	       count="500" period="0.000004" prob="1.0"/>	
      </event_list>
      
      
      <!-- events -->
      <port_connection src="100" dst="0"/>
      
      <!-- tasks -->
      <port_connection src="6" dst="1"/>
      <port_connection src="5" dst="10"/>
      <port_connection src="16" dst="11"/>
      <port_connection src="15" dst="20"/>
      <port_connection src="26" dst="21"/>
      <port_connection src="25" dst="30"/>
      <port_connection src="36" dst="31"/>
      <port_connection src="35" dst="40"/>
      <port_connection src="46" dst="41"/>
      <port_connection src="45" dst="50"/>
      <port_connection src="56" dst="51"/>
      <port_connection src="55" dst="60"/>
      <port_connection src="66" dst="61"/>
      <port_connection src="65" dst="70"/>      

      
      
    </task_graph>
    
  </application>
  
  
  <!-- ************************************************************* -->
  <!-- * MAPPING                                                   * -->
  <!-- ************************************************************* -->


  <mapping>
    <resource name="Montium1" id="0" contents="mutable">
      <sw_platform position="movable" id="0" contents="mutable">
	<group position="movable" name="g0" id="0" contents="mutable"> 	  	  
	  <task position="movable" name="ADC" id="0"/>
	  <task position="movable" name="Prefix_removal" id="1"/>
	</group>
      </sw_platform>
    </resource>

    <resource name="Montium2" id="1" contents="mutable">
      <sw_platform position="movable" id="1" contents="mutable">
	<group position="movable" name="g2" id="1" contents="mutable">
	  <task position="movable" name="Freq_offset_correction" id="2"/>	
	</group>
      </sw_platform>
    </resource>

    <resource name="Montium3" id="3" contents="mutable">
      <sw_platform position="movable" id="3" contents="mutable">
	<group position="movable" name="g4" id="3" contents="mutable">
	  <task position="movable" name="Inverse_OFDM" id="3"/>
	</group>
      </sw_platform>
    </resource>
    
    <resource name="Montium4" id="2" contents="mutable">
      <sw_platform position="movable" id="2" contents="mutable">
	<group position="movable" name="g3" id="2" contents="mutable">
	  <task position="movable" name="Equalization" id="4"/>
	  <task position="movable" name="Phase_correction" id="5"/>
	  <task position="movable" name="Demapping" id="6"/>
	  <task position="movable" name="Ready" id="7"/>
	</group>
      </sw_platform>
    </resource>

  </mapping>
  
  
  <!-- ************************************************************* -->
  <!-- * PLATFORM                                                  * -->
  <!-- ************************************************************* -->

  
  <platform> 

      <!-- packet and buffer sizes in bytes -->
      <resource id="0" name="Montium1" frequency="250" type="CPU_TYPE_1"
		rx_buffer_size="0" tx_buffer_size="0" 
		packet_size="8">		
      </resource>
      
      <resource id="1" name="Montium2" frequency="250" type="CPU_TYPE_1"
		rx_buffer_size="0" tx_buffer_size="0" 
		packet_size="8">		
	<port terminal="1"/>
      </resource>

      <resource id="2" name="Montium4" frequency="250" type="CPU_TYPE_1"
		rx_buffer_size="0" tx_buffer_size="0" 
		packet_size="8">		
	<port terminal="2"/>
      </resource>
      
      <resource id="3" name="Montium3" frequency="250" type="CPU_TYPE_1"
		rx_buffer_size="0" tx_buffer_size="0"
		packet_size="8">
      </resource>
      
    
  </platform>

  <constraints>
        <!-- 
	 NoCs:  <class> : <types>
	        mesh_2d    : sc_rtl_1, sc_rtl_2, vhd, sc_tlm_1, sc_ocp_tl3_1
		simple_bus : sc_tlm_1
    -->

    <noc class="mesh_2d" type="sc_rtl_1" subtype="2x2"/>

    <!-- Seed for random number generator, comment out for random seed -->
    <rng_seed       value="42"/>

    <!-- Used in standalone mode, not with e.g. Modelsim -->
    <sim_resolution time="1.0"   unit="ns"/>
    <sim_length     time="40"   unit="ms"/>

    <!-- interval between measurements 
	 (both averages and snapshots) -->
    <measurements   time="0.1"   unit="ms"/>   

   <task_measurement task="7" count="500"/>
   <path_measurement src="15" dst="20"/>
   <path_measurement src="25" dst="30"/>
   <path_measurement src="35" dst="40"/>

    <!-- true if using Execution Monitor,
	 uncomment or set false to disable,
	 not effect if TG is not compiled with USE_EXECMON flag -->
    <log_exec_mon file="log_execmon.txt"/>


    <!-- Path to PE lib file -->
    <pe_lib         file="examples/pe_lib.xml"/>

    <!-- Paths to log files, comment out to disable logging -->
    <log_packet      file="log_packet.csv"/>
    <log_token       file="log_token.csv"/>
    <log_summary     file="log_summary.csv"/>
    <log_pe          file="log_pe.csv"/>
    <log_app         file="log_app.csv"/>
  
    <!-- Symbols processed by tasks -->
    <!-- =trigger count/(received samples per symbol + sent samples per symbol) -->
    <cost_function   func="tc_ADC/(1+80)"/>
    <cost_function   func="tc_Prefix_removal/(80+64)"/>
    <cost_function   func="tc_Freq_offset_correction/(64+64)"/>
    <cost_function   func="tc_Inverse_OFDM/(64+52)"/>
    <cost_function   func="tc_Equalization/(52+48)"/>
    <cost_function   func="tc_Phase_correction/(48+48)"/>
    <cost_function   func="tc_Demapping/(48+24)"/>
    <cost_function   func="tc_Ready/24"/>
    <cost_function   func="tt_7_500"/>
    <cost_function   func="path_15_20_avg"/>
    <cost_function   func="path_25_30_avg"/>
    <cost_function   func="path_35_40_avg"/>

  </constraints>

</system>
    
