<!-- ************************************************************************** -->
<!--  Copyright 2011 Tampere University of Technology                           -->
<!--                                                                            -->
<!--  This file is part of Transaction Generator.                               -->
<!--                                                                            -->
<!--  Transaction Generator is free software: you can redistribute it and/or    -->
<!--  modify it under the terms of the Lesser GNU General Public License as     -->
<!--  published by the Free Software Foundation, either version 3 of the        -->
<!--  License, or (at your option) any later version.                           -->
<!--                                                                            -->
<!--  Transaction Generator is distributed in the hope that it will be useful,  -->
<!--  but WITHOUT ANY WARRANTY; without even the implied warranty of            -->
<!--  MERCHANTABILITY or FITNESS FOR A PARTICULAR PURPOSE.  See the             -->
<!--  Lesser GNU General Public License for more details.                       -->
<!--                                                                            -->
<!--  You should have received a copy of the Lesser GNU General Public Licenes  -->
<!--  along with Transaction Generator. If not, see                             -->
<!--  <http://www.gnu.org/licenses/>.                                           -->
<!--                                                                            -->
<!-- ************************************************************************** -->


<!-- ************************************************************************** -->
<!-- Ericson Radio Systems application                                          -->
<!-- Author:   Esko Pekkarinen, Department of Computer Systems,                 -->
<!--           Tampere University of Technology                                 -->
<!-- Modified: 31.03.2011                                                       -->
<!-- Based on: "TDM virtual-circuit configuration for NoC,"                     -->
<!--           Zhonghai Lu, Axel Jantsch,                                       -->
<!--	       IEEE Transactions on Very Large Scale Integration (VLSI) systems,-->
<!--	       VOL. 16, NO. 8, pp. 1021-1034. August 2008                       -->
<!--                                                                            -->
<!--           Tasks     15, op_counts: no                                      -->
<!--           Events     8, 16-400 Hz                                          -->
<!--           Resources 16                                                     -->
<!--                                                                            -->
<!--                                                                            -->
<!-- ************************************************************************** -->
<!-- Tested with:                                                               -->
<!-- fcpu                    1GHz                                               -->
<!-- fnoc                    2GHz                                               -->
<!-- ************************************************************************** -->
<?xml version='1.0'?>
<!DOCTYPE system>
<system xmlns:xsi="http://www.w3.org/2001/XMLSchema-instance" 
	xsi:noNamespaceSchemaLocation="C:/koski/lib/UML_PA~1/../../koskigui/XSM_CO~1.XSD">
  <xsm_version value="4"/>
  
  <application>
    <task_graph>  
      
      <task  name="Forward_h_1" id="1" class="general">
	<in_port id="10"/>
	<in_port id="11"/>
	<out_port id="15"/>
	<trigger>
	  <in_port id="11"/>
	  <exec_count min="0" max="2" mod_period="4">
	    <op_count>
	      <int_ops>
		<polynomial>
		  <param  value="1" exp="0"/>
		</polynomial>
	      </int_ops>
	    </op_count>
	  </exec_count>
	  <exec_count mod_phase="3" mod_period="4">
	    <op_count>
	      <int_ops>
		<polynomial>
		  <param  value="1" exp="0"/>
		</polynomial>
	      </int_ops>
	    </op_count>
	    <send out_id="15" prob="1">
	      <byte_amount>
		<polynomial>
		  <param value="160000" exp="0"/>
		</polynomial>
	      </byte_amount>
	    </send>
	    <next_state value="READY"/>
	  </exec_count>
	</trigger>
      </task>
      
      <task  name="Forward_h_2" id="2" class="general">
	<in_port id="20"/>
	<in_port id="21"/>
	<out_port id="25"/>
	<trigger>
	  <in_port id="21"/>
	  <exec_count min="0" max="2" mod_period="4">
	    <op_count>
	      <int_ops>
		<polynomial>
		  <param  value="1" exp="0"/>
		</polynomial>
	      </int_ops>
	    </op_count>
	  </exec_count>
	  <exec_count mod_phase="3" mod_period="4">
	    <op_count>
	      <int_ops>
		<polynomial>
		  <param  value="1" exp="0"/>
		</polynomial>
	      </int_ops>
	    </op_count>
	    <send out_id="25" prob="1">
	      <byte_amount>
		<polynomial>
		  <param value="160000" exp="0"/>
		</polynomial>
	      </byte_amount>
	    </send>
	    <next_state value="READY"/>
	  </exec_count>
	</trigger>
      </task>
      
      <task  name="Reply_f_and_send_g" id="3" class="general">
	<in_port id="30"/>
	<in_port id="31"/>
	<in_port id="32"/>
	<out_port id="35"/>
	<out_port id="36"/>
	<out_port id="37"/>
	<trigger>
	  <in_port id="30"/>
	  <exec_count>
	    <op_count>
	      <int_ops>
		<polynomial>
		  <param  value="1" exp="0"/>
		</polynomial>
	      </int_ops>
	    </op_count>
	    <send out_id="35" prob="1">
	      <byte_amount>
		<polynomial>
		  <param value="500000" exp="0"/>
		</polynomial>
	      </byte_amount>
	    </send>
	    <next_state value="READY"/>
	  </exec_count>
	</trigger>
	<trigger>
	  <in_port id="31"/>
	  <exec_count>
	    <op_count>
	      <int_ops>
		<polynomial>
		  <param  value="1" exp="0"/>
		</polynomial>
	      </int_ops>
	    </op_count>
	    <send out_id="36" prob="1">
	      <byte_amount>
		<polynomial>
		  <param value="160000" exp="0"/>
		</polynomial>
	      </byte_amount>
	    </send>
	    <next_state value="READY"/>
	  </exec_count>
	</trigger>
	<trigger>
	  <in_port id="32"/>
	  <exec_count>
	    <op_count>
	      <int_ops>
		<polynomial>
		  <param  value="1" exp="0"/>
		</polynomial>
	      </int_ops>
	    </op_count>
	    <send out_id="37" prob="1">
	      <byte_amount>
		<polynomial>
		  <param value="160000" exp="0"/>
		</polynomial>
	      </byte_amount>
	    </send>
	    <next_state value="READY"/>
	  </exec_count>
	</trigger>
      </task>
      
      <task name="Send_a_and_h" id="4" class="general" >
	<in_port id="40"/>
	<out_port id="44"/>
	<out_port id="45"/>
	<out_port id="46"/>
	<out_port id="47"/>
	<out_port id="48"/>
	<out_port id="49"/>
	<trigger>
	  <in_port id="40"/>
	  <exec_count>
	    <op_count>
	      <int_ops>
		<polynomial>
		  <param  value="1" exp="0"/>
		</polynomial>
	      </int_ops>
	    </op_count>
	    <send out_id="44" prob="1">
	      <byte_amount>
		<polynomial>
		  <param value="1280000" exp="0"/>
		</polynomial>
	      </byte_amount>
	    </send>
	    <send out_id="45" prob="1">
	      <byte_amount>
		<polynomial>
		  <param value="1280000" exp="0"/>
		</polynomial>
	      </byte_amount>
	    </send>
	    <send out_id="46" prob="1">
	      <byte_amount>
		<polynomial>
		  <param value="1280000" exp="0"/>
		</polynomial>
	      </byte_amount>
	    </send>
	    <send out_id="47" prob="1">
	      <byte_amount>
		<polynomial>
		  <param value="1280000" exp="0"/>
		</polynomial>
	      </byte_amount>
	    </send>
	    <send out_id="48" prob="1">
	      <byte_amount>
		<polynomial>
		  <param value="1280000" exp="0"/>
		</polynomial>
	      </byte_amount>
	    </send>
	    <send out_id="49" prob="1">
	      <byte_amount>
		<polynomial>
		  <param value="1280000" exp="0"/>
		</polynomial>
	      </byte_amount>
	    </send>
	    <next_state value="READY"/>
	  </exec_count>
	</trigger>
      </task>  
	
      <task  name="Forward_h_5" id="5" class="general">
	<in_port id="50"/>
	<in_port id="51"/>
	<out_port id="55"/>
	<trigger>
	  <in_port id="50"/>
	  <exec_count mod_phase="0" mod_period="2">
	    <op_count>
	      <int_ops>
		<polynomial>
		  <param  value="1" exp="0"/>
		</polynomial>
	      </int_ops>
	    </op_count>
	  </exec_count>
	  <exec_count mod_phase="1" mod_period="2">
	    <op_count>
	      <int_ops>
		<polynomial>
		  <param  value="1" exp="0"/>
		</polynomial>
	      </int_ops>
	    </op_count>
	    <send out_id="55" prob="1">
	      <byte_amount>
		<polynomial>
		  <param value="320000" exp="0"/>
		</polynomial>
	      </byte_amount>
	    </send>
	    <next_state value="READY"/>
	  </exec_count>
	</trigger>
      </task>
      
      <task  name="Reply_i_and_send_c" id="6" class="general">
	<in_port id="60"/>
	<in_port id="61"/>
	<out_port id="65"/>
	<out_port id="66"/>
	<trigger>
	  <in_port id="61"/>
	  <exec_count>
	    <op_count>
	      <int_ops>
		<polynomial>
		  <param  value="1" exp="0"/>
		</polynomial>
	      </int_ops>
	    </op_count>
	    <send out_id="65" prob="1">
	      <byte_amount>
		<polynomial>
		  <param value="320000" exp="0"/>
		</polynomial>
	      </byte_amount>
	    </send>
	    <next_state value="READY"/>
	  </exec_count>
	</trigger>
	<trigger>
	  <in_port id="60"/>
	  <exec_count>
	    <op_count>
	      <int_ops>
		<polynomial>
		  <param  value="1" exp="0"/>
		</polynomial>
	      </int_ops>
	    </op_count>
	    <send out_id="66" prob="1">
	      <byte_amount>
		<polynomial>
		  <param value="320000" exp="0"/>
		</polynomial>
	      </byte_amount>
	    </send>
	    <next_state value="READY"/>
	  </exec_count>
	</trigger>
      </task>

      
      <task  name="Sink_7" id="7" class="general">
	<in_port id="70"/>
	<in_port id="71"/>
	<trigger>
	  <in_port id="70"/>
	  <in_port id="71"/>
	  <exec_count>
	    <op_count>
	      <int_ops>
		<polynomial>
		  <param  value="1" exp="0"/>
		</polynomial>
	      </int_ops>
	    </op_count>
	    <next_state value="READY"/>
	  </exec_count>
	</trigger>
      </task>
      
      <task  name="Forward_a_8" id="8" class="general">
	<in_port id="80"/>
	<in_port id="81"/>
	<out_port id="85"/>
	<trigger>
	  <in_port id="80"/>
	  <exec_count min="0" max="2" mod_period="4">
	    <op_count>
	      <int_ops>
		<polynomial>
		  <param  value="1" exp="0"/>
		</polynomial>
	      </int_ops>
	    </op_count>
	  </exec_count>
	  <exec_count mod_phase="3" mod_period="4">
	    <op_count>
	      <int_ops>
		<polynomial>
		  <param  value="1" exp="0"/>
		</polynomial>
	      </int_ops>
	    </op_count>
	    <send out_id="85" prob="1">
	      <byte_amount>
		<polynomial>
		  <param value="640000" exp="0"/>
		</polynomial>
	      </byte_amount>
	    </send>
	    <next_state value="READY"/>
	  </exec_count>
	</trigger>
      </task>
      
      <task  name="Forward_a_9" id="9" class="general">
	<in_port id="90"/>
	<in_port id="91"/>
	<out_port id="95"/>
	<trigger>
	  <in_port id="90"/>
	  <exec_count min="0" max="2" mod_period="4">
	    <op_count>
	      <int_ops>
		<polynomial>
		  <param  value="1" exp="0"/>
		</polynomial>
	      </int_ops>
	    </op_count>
	  </exec_count>
	  <exec_count mod_phase="3" mod_period="4">
	    <op_count>
	      <int_ops>
		<polynomial>
		  <param  value="1" exp="0"/>
		</polynomial>
	      </int_ops>
	    </op_count>
	    <send out_id="95" prob="1">
	      <byte_amount>
		<polynomial>
		  <param value="640000" exp="0"/>
		</polynomial>
	      </byte_amount>
	    </send>
	    <next_state value="READY"/>
	  </exec_count>
	</trigger>
      </task>
      
      
      <task  name="Forward_a_10" id="10" class="general">
	<in_port id="100"/>
	<in_port id="101"/>
	<out_port id="105"/>
	<trigger>
	  <in_port id="100"/>
	  <exec_count min="0" max="2" mod_period="4">
	    <op_count>
	      <int_ops>
		<polynomial>
		  <param  value="1" exp="0"/>
		</polynomial>
	      </int_ops>
	    </op_count>
	  </exec_count>
	  <exec_count mod_phase="3" mod_period="4">
	    <op_count>
	      <int_ops>
		<polynomial>
		  <param  value="1" exp="0"/>
		</polynomial>
	      </int_ops>
	    </op_count>
	    <send out_id="105" prob="1">
	      <byte_amount>
		<polynomial>
		  <param value="640000" exp="0"/>
		</polynomial>
	      </byte_amount>
	    </send>
	    <next_state value="READY"/>
	  </exec_count>
	</trigger>
      </task>
      
      <task  name="Reply_d_and_send_e" id="11" class="general">
	<in_port id="110"/>
	<in_port id="111"/>
	<out_port id="115"/>
	<out_port id="116"/>
	<trigger>
	  <in_port id="111"/>
	  <exec_count>
	    <op_count>
	      <int_ops>
		<polynomial>
		  <param  value="1" exp="0"/>
		</polynomial>
	      </int_ops>
	    </op_count>
	    <send out_id="116" prob="1">
	      <byte_amount>
		<polynomial>
		  <param value="1280000" exp="0"/>
		</polynomial>
	      </byte_amount>
	    </send>
	    <next_state value="READY"/>
	  </exec_count>
	</trigger>
	<trigger>
	  <in_port id="110"/>
	  <exec_count>
	    <op_count>
	      <int_ops>
		<polynomial>
		  <param  value="1" exp="0"/>
		</polynomial>
	      </int_ops>
	    </op_count>
	    <send out_id="115" prob="1">
	      <byte_amount>
		<polynomial>
		  <param value="320000" exp="0"/>
		</polynomial>
	      </byte_amount>
	    </send>
	    <next_state value="READY"/>
	  </exec_count>
	</trigger>
      </task>
      
      <task  name="Reply_b_and_send_c_12" id="12" class="general">
	<in_port id="120"/>
	<in_port id="121"/>
	<out_port id="125"/>
	<out_port id="126"/>
	<trigger>
	  <in_port id="121"/>
	  <exec_count>
	    <op_count>
	      <int_ops>
		<polynomial>
		  <param  value="1" exp="0"/>
		</polynomial>
	      </int_ops>
	    </op_count>
	    <send out_id="125" prob="1">
	      <byte_amount>
		<polynomial>
		  <param value="640000" exp="0"/>
		</polynomial>
	      </byte_amount>
	    </send>
	    <next_state value="READY"/>
	  </exec_count>
	</trigger>
	<trigger>
	  <in_port id="120"/>
	  <exec_count>
	    <op_count>
	      <int_ops>
		<polynomial>
		  <param  value="1" exp="0"/>
		</polynomial>
	      </int_ops>
	    </op_count>
	    <send out_id="126" prob="1">
	      <byte_amount>
		<polynomial>
		  <param value="320000" exp="0"/>
		</polynomial>
	      </byte_amount>
	    </send>
	    <next_state value="READY"/>
	  </exec_count>
	</trigger>
      </task>
      
      <task  name="Reply_b_and_send_c_13" id="13" class="general">
	<in_port id="130"/>
	<in_port id="131"/>
	<out_port id="135"/>
	<out_port id="136"/>
	<trigger>
	  <in_port id="131"/>
	  <exec_count>
	    <op_count>
	      <int_ops>
		<polynomial>
		  <param  value="1" exp="0"/>
		</polynomial>
	      </int_ops>
	    </op_count>
	    <send out_id="136" prob="1">
	      <byte_amount>
		<polynomial>
		  <param value="640000" exp="0"/>
		</polynomial>
	      </byte_amount>
	    </send>
	    <next_state value="READY"/>
	  </exec_count>
	</trigger>
	<trigger>
	  <in_port id="130"/>
	  <exec_count>
	    <op_count>
	      <int_ops>
		<polynomial>
		  <param  value="1" exp="0"/>
		</polynomial>
	      </int_ops>
	    </op_count>
	    <send out_id="135" prob="1">
	      <byte_amount>
		<polynomial>
		  <param value="320000" exp="0"/>
		</polynomial>
	      </byte_amount>
	    </send>
	    <next_state value="READY"/>
	  </exec_count>
	</trigger>
      </task>
      

      <task  name="Reply_b_and_send_c_14" id="14" class="general">
	<in_port id="140"/>
	<in_port id="141"/>
	<out_port id="145"/>
	<out_port id="146"/>
	<trigger>
	  <in_port id="141"/>
	  <exec_count>
	    <op_count>
	      <int_ops>
		<polynomial>
		  <param  value="1" exp="0"/>
		</polynomial>
	      </int_ops>
	    </op_count>
	    <send out_id="145" prob="1">
	      <byte_amount>
		<polynomial>
		  <param value="640000" exp="0"/>
		</polynomial>
	      </byte_amount>
	    </send>
	    <next_state value="READY"/>
	  </exec_count>
	</trigger>
	<trigger>
	  <in_port id="140"/>
	  <exec_count>
	    <op_count>
	      <int_ops>
		<polynomial>
		  <param  value="1" exp="0"/>
		</polynomial>
	      </int_ops>
	    </op_count>
	    <send out_id="146" prob="1">
	      <byte_amount>
		<polynomial>
		  <param value="320000" exp="0"/>
		</polynomial>
	      </byte_amount>
	    </send>
	    <next_state value="READY"/>
	  </exec_count>
	</trigger>
      </task>
      
      <task name="Send_d" id="15" class="general" >
	<in_port id="150"/>
	<in_port id="151"/>
	<in_port id="152"/>
	<in_port id="153"/>
	<in_port id="154"/>
	<in_port id="155"/>
	<out_port id="156"/>
	<trigger>
	  <in_port id="150"/>
	  <exec_count>
	    <op_count>
	      <int_ops>
		<polynomial>
		  <param  value="1" exp="0"/>
		</polynomial>
	      </int_ops>
	    </op_count>
	    <send out_id="156" prob="1">
	      <byte_amount>
		<polynomial>
		  <param value="1280000" exp="0"/>
		</polynomial>
	      </byte_amount>
	    </send>
	    <next_state value="READY"/>
	  </exec_count>
	</trigger>
      </task>  

      <event_list>	
	
	<event out_port_id="400" amount="1"  name="Comm_trigger_ah" id="1" 
	       period="0.0025" prob="1"/>

	<event out_port_id="600" amount="1"  name="Comm_trigger_c1" id="2" 
	       period="0.005" prob="1"/>
	<event out_port_id="1200" amount="1"  name="Comm_trigger_c2" id="3" 
	       period="0.005" prob="1"/>
	<event out_port_id="1300" amount="1"  name="Comm_trigger_c3" id="4" 
	       period="0.005" prob="1"/>

	<event out_port_id="1400" amount="1"  name="Comm_trigger_c4" id="5" 
	       period="0.005" prob="1"/>
	<event out_port_id="1500" amount="1"  name="Comm_trigger_d" id="6" 
	       period="0.005" prob="1"/>

	<event out_port_id="1100" amount="1"  name="Comm_trigger_e" id="7" 
	       period="0.01" prob="1"/>
	<event out_port_id="300" amount="1"  name="Comm_trigger_g" id="8" 
	       period="0.0625" prob="1"/>
      </event_list>

      
      <!-- events to tasks-->
      <port_connection src="400" dst="40"/>
      <port_connection src="600" dst="60"/>
      <port_connection src="1200" dst="120"/>
      <port_connection src="1300" dst="130"/>
      <port_connection src="1400" dst="140"/>
      <port_connection src="1500" dst="150"/>
      <port_connection src="1100" dst="110"/>
      <port_connection src="300" dst="30"/>

      <!-- Between tasks -->
      <!-- 1 task -->
      <port_connection src="15" dst="31"/>
      <!-- 2 -->
      <port_connection src="25" dst="32"/>
      <!-- 3 -->
      <port_connection src="35" dst="71"/>
      <port_connection src="36" dst="10"/>
      <port_connection src="37" dst="20"/>
      <!-- 4 -->
      <port_connection src="44" dst="80"/>
      <port_connection src="45" dst="90"/>
      <port_connection src="46" dst="100"/>
      <port_connection src="47" dst="50"/>
      <port_connection src="48" dst="21"/>
      <port_connection src="49" dst="11"/>
      <!-- 5 -->
      <port_connection src="55" dst="61"/>
      <!-- 6 -->
      <port_connection src="65" dst="51"/>
      <port_connection src="66" dst="151"/>
      <!-- 7 -->
      <!-- 8 -->
      <port_connection src="85" dst="121"/>
      <!-- 9 -->
      <port_connection src="95" dst="131"/>
      <!-- 10 -->
      <port_connection src="105" dst="141"/>
      <!-- 11 -->
      <port_connection src="115" dst="70"/>
      <port_connection src="116" dst="152"/>
      <!-- 12 -->
      <port_connection src="125" dst="81"/>
      <port_connection src="126" dst="153"/>
      <!-- 13 -->
      <port_connection src="135" dst="154"/>
      <port_connection src="136" dst="91"/>
      <!-- 14 -->
      <port_connection src="145" dst="101"/>
      <port_connection src="146" dst="155"/>
      <!-- 15 -->
      <port_connection src="156" dst="111"/>
      
      
    </task_graph>
    
  </application>

  
  <!-- ************************************************************* -->
  <!-- * MAPPING                                                   * -->
  <!-- ************************************************************* -->


  <mapping>
    <resource name="cpu0" id="0" contents="mutable">
	<group position="movable" name="g0" id="0" contents="mutable">
	  <task position="movable" id="12"/>
	</group>
    </resource>

    <resource name="cpu1" id="1" contents="mutable">
	<group position="movable" name="g2" id="1" contents="mutable">
	  <task position="movable" id="13"/>
	</group>
    </resource>

    <resource name="cpu2" id="2" contents="mutable">
	<group position="movable" name="g3" id="2" contents="mutable">
	  <task position="movable" id="14"/>
	</group>
    </resource>

    <resource name="cpu3" id="3" contents="mutable">
	<group position="movable" name="g4" id="3" contents="mutable">
	  <task position="movable" id="15"/>
	</group>
    </resource>

    <resource name="cpu4" id="4" contents="mutable">
	<group position="movable" name="g1" id="4" contents="mutable">
	  <task position="movable" id="8"/>
	</group>
    </resource>

    <resource name="cpu5" id="5" contents="mutable">
	<group position="movable" name="g2" id="5" contents="mutable">
	  <task position="movable" id="9"/>
	</group>
    </resource>

    <resource name="cpu6" id="6" contents="mutable">
	<group position="movable" name="g3" id="6" contents="mutable">
	  <task position="movable" id="10"/>
	</group>
    </resource>

    <resource name="cpu7" id="7" contents="mutable">
	<group position="movable" name="g4" id="7" contents="mutable">
	  <task position="movable" id="11"/>
	</group>
    </resource>

    <resource name="cpu8" id="8" contents="mutable">
	<group position="movable" name="g1" id="8" contents="mutable">
	  <task position="movable" id="4"/>
	</group>
    </resource>

    <resource name="cpu9" id="9" contents="mutable">
	<group position="movable" name="g2" id="9" contents="mutable">
	  <task position="movable" id="5"/>
	</group>
    </resource>

    <resource name="cpu10" id="10" contents="mutable">
	<group position="movable" name="g3" id="10" contents="mutable">
	  <task position="movable" id="6"/>
	</group>
    </resource>

    <resource name="cpu11" id="11" contents="mutable">
	<group position="movable" name="g4" id="11" contents="mutable">
	  <task position="movable" id="7"/>
	</group>
    </resource>

    <resource name="cpu12" id="12" contents="mutable">
	<group position="movable" name="g1" id="12" contents="mutable">

	</group>
    </resource>

    <resource name="cpu13" id="13" contents="mutable">
	<group position="movable" name="g2" id="13" contents="mutable">
	  <task position="movable" id="1"/>
	</group>
    </resource>

    <resource name="cpu14" id="14" contents="mutable">
	<group position="movable" name="g3" id="14" contents="mutable">
	  <task position="movable" id="2"/>
	</group>
    </resource>

    <resource name="cpu15" id="15" contents="mutable">
	<group position="movable" name="g4" id="15" contents="mutable">
	  <task position="movable" id="3 "/>
	</group>
    </resource>


  </mapping>

  
  <!-- ************************************************************* -->
  <!-- * PLATFORM                                                  * -->
  <!-- ************************************************************* -->

  
  <platform> 

      <!-- packet and buffer sizes in bytes -->
      <resource id="0" name="cpu0" frequency="1000" type="CPU_TYPE_1"
		rx_buffer_size="0" tx_buffer_size="0" 
		packet_size="32">		
      </resource>
      
      <resource id="1" name="cpu1" frequency="1000" type="CPU_TYPE_1"
		rx_buffer_size="0" tx_buffer_size="0" 
		packet_size="32">
      </resource>

      <resource id="2" name="cpu2" frequency="1000" type="CPU_TYPE_1"
		rx_buffer_size="0" tx_buffer_size="0" 
		packet_size="32">
      </resource>
      
      <resource id="3" name="cpu3" frequency="1000" type="CPU_TYPE_1"
		rx_buffer_size="0" tx_buffer_size="0" 
		packet_size="32">
      </resource>

      <resource id="4" name="cpu4" frequency="1000" type="CPU_TYPE_1"
		rx_buffer_size="0" tx_buffer_size="0" 
		packet_size="32">
      </resource>

      <resource id="5" name="cpu5" frequency="1000" type="CPU_TYPE_1"
		rx_buffer_size="0" tx_buffer_size="0" 
		packet_size="32">
      </resource>

      <resource id="6" name="cpu6" frequency="1000" type="CPU_TYPE_1"
		rx_buffer_size="0" tx_buffer_size="0" 
		packet_size="32">
      </resource>

      <resource id="7" name="cpu7" frequency="1000" type="CPU_TYPE_1"
		rx_buffer_size="0" tx_buffer_size="0" 
		packet_size="32">
      </resource>

      <resource id="8" name="cpu8" frequency="1000" type="CPU_TYPE_1"
		rx_buffer_size="0" tx_buffer_size="0" 
		packet_size="32">
      </resource>

      <resource id="9" name="cpu9" frequency="1000" type="CPU_TYPE_1"
		rx_buffer_size="0" tx_buffer_size="0" 
		packet_size="32">
      </resource>

      <resource id="10" name="cpu10" frequency="1000" type="CPU_TYPE_1"
		rx_buffer_size="0" tx_buffer_size="0" 
		packet_size="32">
      </resource>

      <resource id="11" name="cpu11" frequency="1000" type="CPU_TYPE_1"
		rx_buffer_size="0" tx_buffer_size="0" 
		packet_size="32">
      </resource>

      <resource id="12" name="cpu12" frequency="1000" type="CPU_TYPE_1"
		rx_buffer_size="0" tx_buffer_size="0" 
		packet_size="32">
      </resource>

      <resource id="13" name="cpu13" frequency="1000" type="CPU_TYPE_1"
		rx_buffer_size="0" tx_buffer_size="0" 
		packet_size="32">
      </resource>

      <resource id="14" name="cpu14" frequency="1000" type="CPU_TYPE_1"
		rx_buffer_size="0" tx_buffer_size="0" 
		packet_size="32">
      </resource>

      <resource id="15" name="cpu15" frequency="1000" type="CPU_TYPE_1"
		rx_buffer_size="0" tx_buffer_size="0" 
		packet_size="32">
      </resource>
      
    
  </platform>

  <constraints>
    <!-- 
	 NoCs:  <class> : <types>
	 
	        mesh_2d    : sc_rtl_1, sc_rtl_2, vhd, sc_tlm_1, sc_ocp_tl3_1
		simple_bus : sc_tlm_1

      -->
    <noc class="mesh_2d" type="sc_tlm_1" subtype="4x4"/>

    <!-- Seed for random number generator, comment out for random seed -->
    <rng_seed       value="42"/>

    <!-- Used in standalone mode, not with e.g. Modelsim -->
    <sim_resolution time="1.0"   unit="ns"/>
    <sim_length     time="0.5"   unit="s"/>

    <!-- interval between measurements 
	 (both averages and snapshots) -->
    <measurements   time="1.0"   unit="ms"/>   

    <!-- true if using Execution Monitor,
	 uncomment or set false to disable,
	 not effect if TG is not compiled with USE_EXECMON flag -->
    <log_exec_mon file="log_execmon.txt"/>


    <!-- Path to PE lib file -->
    <pe_lib         file="examples/pe_lib.xml"/>

    <!-- Paths to log files, comment out to disable logging -->
    <log_packet      file="log_packet.csv"/>
    <log_token       file="log_token.csv"/>
    <log_summary     file="log_summary.csv"/>
    <log_pe          file="log_pe.csv"/>
    <log_app         file="log_app.csv"/>
    
    <cost_function   func="ec_1"/>
    <cost_function   func="tc_1"/>
    <cost_function   func="tc_2"/>
    <cost_function   func="tc_3"/>
    <cost_function   func="tc_4"/>
    <cost_function   func="tc_5"/>
    <cost_function   func="tc_6"/>
    <cost_function   func="tc_7"/>
    <cost_function   func="tc_8"/>
    <cost_function   func="tc_9"/>
    <cost_function   func="tc_10"/>
    <cost_function   func="tc_11"/>
    <cost_function   func="tc_12"/>   
    <cost_function   func="tc_13"/>
    <cost_function   func="tc_14"/>
    <cost_function   func="tc_15"/>

  </constraints>

</system>
