<!-- ************************************************************************** -->
<!--  Copyright 2011 Tampere University of Technology                           -->
<!--                                                                            -->
<!--  This file is part of Transaction Generator.                               -->
<!--                                                                            -->
<!--  Transaction Generator is free software: you can redistribute it and/or    -->
<!--  modify it under the terms of the Lesser GNU General Public License as     -->
<!--  published by the Free Software Foundation, either version 3 of the        -->
<!--  License, or (at your option) any later version.                           -->
<!--                                                                            -->
<!--  Transaction Generator is distributed in the hope that it will be useful,  -->
<!--  but WITHOUT ANY WARRANTY; without even the implied warranty of            -->
<!--  MERCHANTABILITY or FITNESS FOR A PARTICULAR PURPOSE.  See the             -->
<!--  Lesser GNU General Public License for more details.                       -->
<!--                                                                            -->
<!--  You should have received a copy of the Lesser GNU General Public Licenes  -->
<!--  along with Transaction Generator. If not, see                             -->
<!--  <http://www.gnu.org/licenses/>.                                           -->
<!--                                                                            -->
<!-- ************************************************************************** -->


<!-- ************************************************************************** -->
<!-- UMTS 4 RAKE receiver model                                                 -->
<!-- Author:   Esko Pekkarinen, Department of Computer Systems,                 -->
<!--           Tampere University of Technology                                 -->
<!-- Modified: 27.05.2011                                                       -->
<!--           11.12.2012 ES Renumbered ports                                   -->
<!-- Based on: "Exploration withing the Network-On-Chip Paradigm"               -->
<!--            Pascal T. Wolkotte. PhD Thesis. University of Twente.           -->
<!--	       CTIT Ph.D.-thesis series No. 09-133 ISBN 978-90-365-2757-6.      -->
<!--           and                                                              -->
<!--	       "Multi-standard adaptive wireless communication receivers"       -->
<!--	       Gerard Rauwerda. PhD Thesis. University of Twente.               -->
<!--	       CTIT Ph.D.-thesis series No. 08-109 ISBN 978-90-365-2607-4.      -->
<!--                                                                            -->
<!--           Tasks      9, op_counts: some                                    -->
<!--           Events     1                                                     -->
<!--           Resources  4                                                     -->
<!--                                                                            -->
<!-- ************************************************************************** -->
<!-- SYSTEM PROPERTIES:                                                         -->
<!-- frame period            10 ms      = simulation time (by default)          -->
<!-- chips per frame         38400                                              -->
<!-- slots per frame         15                                                 -->
<!-- chips per slot          2560                                               -->
<!-- slot period             666.67 us  = event 1 period                        -->
<!-- scrambling code length  38400 chips                                        -->
<!-- chip (=sample) width    4 bytes: 16 bits real part, 16 bits imaginary part -->
<!-- spreading factor (SF)   4                                                  -->
<!-- ************************************************************************** -->
<?xml version='1.0'?>
<!DOCTYPE system>                                                                 
<system xmlns:xsi="http://www.w3.org/2001/XMLSchema-instance" 
	xsi:noNamespaceSchemaLocation="C:/koski/lib/UML_PA~1/../../koskigui/XSM_CO~1.XSD">
  <xsm_version value="4"/>
  <application>
    <task_graph>  

      <task name="ADC" id="0" class="general">
	<in_port id="0"/>
	<in_port id="1"/>
	<out_port id="5"/>
	<out_port id="6"/>
	<trigger>
	  <in_port id="0"/>
	  <!-- start for slot sample generation  -->
	  <exec_count>
	    <op_count>
	      <int_ops>
		<polynomial>
		  <param value="1" exp="0"/>
		</polynomial>
	      </int_ops>
	    </op_count>
	    <send out_id="6" prob="1">
	      <byte_amount>
		<polynomial>
		  <param value="16" exp="0"/>
		</polynomial>
	      </byte_amount>
	    </send>
	    <send out_id="5" prob="1">
	      <byte_amount>
		<polynomial>
		  <param value="16" exp="0"/>
		</polynomial>
	      </byte_amount>
	    </send>
	    <next_state value="READY"/>
	  </exec_count>
	</trigger>
	<trigger>
	  <in_port id="1"/>
	  <!-- Sample stream generation: Four samples ( one for each finger )
	       are sent simultanously. Oversampling causes each sample
	       to be sent four times, therefore the total number of transfers
	       per slot is 4x2560 = 10240. -->
	  <exec_count min="0" max="10238" mod_period="10240">
	    <op_count>
	      <int_ops>
		<polynomial>
		  <param value="1" exp="0"/>
		</polynomial>
	      </int_ops>
	    </op_count>
	    <send out_id="6" prob="1">
	      <byte_amount>
		<polynomial>
		  <param value="16" exp="0"/>
		</polynomial>
	      </byte_amount>
	    </send>
	    <send out_id="5" prob="1">
	      <byte_amount>
		<polynomial>
		  <param value="16" exp="0"/>
		</polynomial>
	      </byte_amount>
	    </send>
	    <next_state value="READY"/>
	  </exec_count>
	</trigger>
      </task>     

      <task name="Receive_filter" id="1" class="general">
	<in_port id="10"/>
	<out_port id="15"/>
	<out_port id="16"/>
	<out_port id="17"/>
	<out_port id="18"/>
	<out_port id="19"/>
	<trigger>
	  <in_port id="10"/>
	  <!-- Every 4 samples data is forwarded to fingers and control-block -->
	  <exec_count mod_phase="3" mod_period="4" >
	    <op_count>
	      <int_ops>
		<polynomial>
		  <param value="8" exp="0"/> <!-- estimate -->
		</polynomial>
	      </int_ops>
	    </op_count>
	    <!-- Forward to descramble using finger 1 -->
	    <send out_id="15" prob="1">
	      <byte_amount>
		<polynomial>
		  <param value="4" exp="0"/>
		</polynomial>
	      </byte_amount>
	    </send>
	    <!-- Forward to descramble using finger 2 -->
	    <send out_id="16" prob="1">
	      <byte_amount>
		<polynomial>
		  <param value="4" exp="0"/>
		</polynomial>
	      </byte_amount>
	    </send>
	    <!-- Forward to descramble using finger 3 -->
	    <send out_id="17" prob="1">
	      <byte_amount>
		<polynomial>
		  <param value="4" exp="0"/>
		</polynomial>
	      </byte_amount>
	    </send>
	    <!-- Forward to descramble using finger 4 -->
	    <send out_id="18" prob="1">
	      <byte_amount>
		<polynomial>
		  <param value="4" exp="0"/>
		</polynomial>
	      </byte_amount>
	    </send>
	    <!-- Forward to control-block -->
	    <send out_id="19" prob="1">
	      <byte_amount>
		<polynomial>
		  <param value="4" exp="0"/>
		</polynomial>
	      </byte_amount>
	    </send>
	    <next_state value="READY"/>
	  </exec_count>	 
	</trigger>
      </task>
      
      <task  name="Descramble" id="2" class="general">
	<in_port id="20"/>
	<in_port id="21"/>
	<in_port id="22"/>
	<in_port id="23"/>
	<in_port id="24"/>
	<in_port id="25"/>
	<out_port id="26"/> <!-- es 11.12.2012 -->
	<out_port id="27"/> <!-- es 11.12.2012 -->
	<out_port id="28"/>
	<!-- Descramble 2 fingers, if scrambling code is received -->
	<trigger dependence_type="and">
	  <in_port id="20"/>
	  <in_port id="21"/>
	  <in_port id="25"/>
	  <exec_count>
	    <op_count>
	      <int_ops>
		<polynomial>
		  <param value="1" exp="0"/>
		</polynomial>
	      </int_ops>
	    </op_count>
	    <send out_id="26" prob="1">
	      <byte_amount>
		<polynomial>
		  <param value="4" exp="0"/>
		</polynomial>
	      </byte_amount>
	    </send>
	    <send out_id="27" prob="1">
	      <byte_amount>
		<polynomial>
		  <param value="4" exp="0"/>
		</polynomial>
	      </byte_amount>
	    </send>
	  </exec_count>	 
	</trigger>
	<!-- Descramble 2 fingers, if scrambling code is received-->
	<!-- Enables the previous trigger -->
	<trigger dependence_type="and">
	  <in_port id="22"/>
	  <in_port id="23"/>
	  <in_port id="24"/>
	  <exec_count>
	    <op_count>
	      <int_ops>
		<polynomial>
		  <param value="1" exp="0"/>
		</polynomial>
	      </int_ops>
	    </op_count>
	    <send out_id="26" prob="1">
	      <byte_amount>
		<polynomial>
		  <param value="4" exp="0"/>
		</polynomial>
	      </byte_amount>
	    </send>
	    <send out_id="27" prob="1">
	      <byte_amount>
		<polynomial>
		  <param value="4" exp="0"/>
		</polynomial>
	      </byte_amount>
	    </send>
	    <send out_id="28" prob="1">
	      <byte_amount>
		<polynomial>
		  <param value="1" exp="0"/>
		</polynomial>
	      </byte_amount>
	    </send>
	  </exec_count>	 
	</trigger>
      </task>
      
      <task  name="Despread" id="3" class="general">
	<in_port id="30"/>
	<in_port id="31"/>
	<out_port id="35"/>
	<trigger dependence_type="and">
	  <in_port id="30"/>
	  <in_port id="31"/>
	  <exec_count mod_phase="0" mod_period="2">
	    <op_count>
	      <int_ops>
		<polynomial>
		  <param value="1" exp="0"/>
		</polynomial>
	      </int_ops>
	    </op_count>
	  </exec_count>
	  <exec_count mod_phase="1" mod_period="2">
	    <op_count>
	      <int_ops>
		<polynomial>
		  <param value="1" exp="0"/>
		</polynomial>
	      </int_ops>
	    </op_count>
	    <!-- 4 Fingers combined to 1 channel-->
	    <send out_id="35" prob="1">
	      <byte_amount>
		<polynomial>
		  <param value="16" exp="0"/>
		</polynomial>
	      </byte_amount>
	    </send>
	  </exec_count>	 
	</trigger>
      </task>
      
      <task  name="MRC_combing" id="4" class="general">
	<in_port id="40"/>
	<in_port id="41"/>
	<out_port id="45"/>
	<trigger dependence_type="and">
	  <in_port id="40"/>
	  <in_port id="41"/>
	  <exec_count>
	    <op_count>
	      <int_ops>
		<polynomial>
		  <param value="3" exp="0"/>
		</polynomial>
	      </int_ops>
	    </op_count>
	    <send out_id="45" prob="1">
	      <byte_amount>
		<polynomial>
		  <param value="16" exp="0"/>
		</polynomial>
	      </byte_amount>
	    </send>
	  </exec_count>
	  <next_state value="READY"/>   
	</trigger>
      </task>
      
      <task  name="Demapping" id="5" class="general">
	<in_port id="50"/>
	<out_port id="55"/>
	<trigger>
	  <in_port id="50"/>
	  <!-- 4 (SF) chips are translated to a single data -->
	  <exec_count mod_phase="3" mod_period="4">
	    <op_count>
	      <int_ops>
		<polynomial>
		  <param value="2" exp="0"/>
		</polynomial>
	      </int_ops>
	    </op_count>
	    <send out_id="55" prob="1">
	      <byte_amount>
		<polynomial>
		  <param value="2" exp="0"/>
		</polynomial>
	      </byte_amount>
	    </send>
	    <next_state value="READY"/>
	  </exec_count>
	</trigger>
      </task>
      
      <task  name="Control" id="6" class="general">
	<in_port id="60"/>
	<out_port id="65"/>
	<out_port id="66"/>
	<trigger>
	  <in_port id="60"/>
	  <exec_count>
	    <op_count>
	      <int_ops>
		<polynomial>
		  <param value="1" exp="0"/> <!-- unknown -->
		</polynomial>
	      </int_ops>
	    </op_count>
	    <send out_id="66" prob="1">
	      <byte_amount>
		<polynomial>
		  <param value="4" exp="0"/>
		</polynomial>
	      </byte_amount>
	    </send>
	    <send out_id="65" prob="1">
	      <byte_amount>
		<polynomial>
		  <param value="4" exp="0"/>
		</polynomial>
	      </byte_amount>
	    </send>
	    <next_state value="READY"/>
	  </exec_count>
	</trigger>
      </task>
     
      <task  name="ScramblingCode" id="7" class="general">
	<in_port id="70"/>
	<out_port id="75"/>
	<trigger>
	  <in_port id="70"/>
	  <exec_count>
	    <op_count>
	      <int_ops>
		<polynomial>
		  <param value="1" exp="0"/> <!-- unknown -->
		</polynomial>
	      </int_ops>
	    </op_count>
	    <send out_id="75" prob="1">
	      <byte_amount>
		<polynomial>
		  <param value="4" exp="0"/>
		</polynomial>
	      </byte_amount>
	    </send>
	  </exec_count>	 
	</trigger>
      </task>

 
      <task  name="Ready_symbols" id="8" class="general">
	<in_port id="80"/>
	<trigger>
	  <in_port id="80"/>
	  <exec_count>
	    <op_count>
	      <int_ops>
		<polynomial>
		  <param value="1" exp="0"/>
		</polynomial>
	      </int_ops>
	    </op_count>
	    <next_state value="READY"/>
	  </exec_count>
	</trigger>
      </task>
      
      <event_list>		
	<event out_port_id="100" amount="1" name="SlotStart" id="1" 
	       count="15" period="0.00066667" prob="1.0"/>	
      </event_list>
      
      
      <!-- events -->
      <port_connection src="100" dst="0"/>
      
      <!-- between tasks -->
      <port_connection src="5" dst="10"/>
      <port_connection src="6" dst="1"/>

      <port_connection src="15" dst="20"/>
      <port_connection src="16" dst="21"/>
      <port_connection src="17" dst="22"/>
      <port_connection src="18" dst="23"/>
      <port_connection src="19" dst="60"/>

      <port_connection src="28" dst="25"/>    
      <port_connection src="26" dst="30"/>    
      <port_connection src="27" dst="31"/>    

      <port_connection src="35" dst="40"/>

      <port_connection src="44" dst="48"/>
      <port_connection src="45" dst="50"/>

      <!-- <port_connection src="56" dst="65"/> -->
      <port_connection src="55" dst="80"/>

      <port_connection src="65" dst="41"/>      
      <port_connection src="66" dst="70"/>      

      <port_connection src="75" dst="24"/>      

      
    </task_graph>
    
  </application>
  
  
  <!-- ************************************************************* -->
  <!-- * MAPPING                                                   * -->
  <!-- ************************************************************* -->


  <mapping>
    <resource name="Montium1" id="0" contents="mutable">
      <sw_platform position="movable" id="0" contents="mutable">
	<group position="movable" name="g0" id="0" contents="mutable"> 
	  <task position="movable" name="ADC" id="0"/>
	  <task position="movable" name="Receive_filter" id="1"/>
	</group>
      </sw_platform>
    </resource>

    <resource name="Montium2" id="1" contents="mutable">
      <sw_platform position="movable" id="1" contents="mutable">
	<group position="movable" name="g2" id="1" contents="mutable">
	  <task position="movable" name="Descrambling" id="2"/>	
	  <task position="movable" name="Despread" id="3"/>	
	  <task position="movable" name="MRC_combing" id="4"/>
	  <task position="movable" name="Demapping" id="5"/>
	  <task position="movable" name="Ready_symbols" id="8"/>
	</group>
      </sw_platform>
    </resource>

    <resource name="GPP" id="2" contents="mutable">
      <sw_platform position="movable" id="2" contents="mutable">
	<group position="movable" name="g3" id="2" contents="mutable">
	  <task position="movable" name="Control" id="6"/>
	</group>
      </sw_platform>
    </resource>

    <resource name="FPGA" id="3" contents="mutable">
      <sw_platform position="movable" id="3" contents="mutable">
	<group position="movable" name="g4" id="3" contents="mutable">
	  <task position="movable" name="ScramblingCode" id="7"/>
	</group>
      </sw_platform>
    </resource>
    
  </mapping>
  
  
  <!-- ************************************************************* -->
  <!-- * PLATFORM                                                  * -->
  <!-- ************************************************************* -->

  
  <platform> 
      <!-- packet and buffer sizes in bytes -->
      <resource id="0" name="Montium1" frequency="125" type="CPU_TYPE_1"
		rx_buffer_size="0" tx_buffer_size="0" 
		packet_size="8">		
      </resource>
      
      <resource id="1" name="Montium2" frequency="125" type="CPU_TYPE_1"
		rx_buffer_size="0" tx_buffer_size="0" 
		packet_size="8">
      </resource>

      <resource id="2" name="GPP" frequency="125" type="CPU_TYPE_1"
		rx_buffer_size="0" tx_buffer_size="0" 
		packet_size="8">
      </resource>
      
      <resource id="3" name="FPGA" frequency="125" type="CPU_TYPE_1"
		rx_buffer_size="0" tx_buffer_size="0" 
		packet_size="8">
      </resource>
      
    

  </platform>

  <constraints>
    <!-- 
	 NoCs:  <class> : <types>
	        mesh_2d    : sc_rtl_1, sc_rtl_2, vhd, sc_tlm_1, sc_ocp_tl3_1
		simple_bus : sc_tlm_1
    -->

    <noc class="mesh_2d" type="sc_rtl_1" subtype="2x2"/>

    <!-- Seed for random number generator, comment out for random seed -->
    <rng_seed       value="42"/>

    <!-- Used in standalone mode, not with e.g. Modelsim -->
    <sim_resolution time="1.0"   unit="ns"/>
    <sim_length     time="10"   unit="ms"/>

    <!-- interval between measurements 
	 (both averages and snapshots) -->
    <measurements   time="0.2"   unit="ms"/>   

  

    <!-- true if using Execution Monitor,
	 uncomment or set false to disable,
	 not effect if TG is not compiled with USE_EXECMON flag -->
    <log_exec_mon file="log_execmon.txt"/>


    <!-- Path to PE lib file -->
    <pe_lib         file="examples/pe_lib.xml"/>

    <!-- Paths to log files, comment out to disable logging -->
    <log_packet      file="log_packet.csv"/>
    <log_token       file="log_token.csv"/>
    <log_summary     file="log_summary.csv"/>
    <log_pe          file="log_pe.csv"/>
    <log_app         file="log_app.csv"/>
    
    <!-- Cost functions -->
    <cost_function func="pu_0"/>
    <cost_function func="pu_1"/>
    <cost_function func="pu_2"/>
    <cost_function func="pu_3"/>
    <cost_function func="tc_8"/>

  </constraints>


</system>
    
