<!-- ************************************************************************** -->
<!--  Copyright 2011 Tampere University of Technology                           -->
<!--                                                                            -->
<!--  This file is part of Transaction Generator.                               -->
<!--                                                                            -->
<!--  Transaction Generator is free software: you can redistribute it and/or    -->
<!--  modify it under the terms of the Lesser GNU General Public License as     -->
<!--  published by the Free Software Foundation, either version 3 of the        -->
<!--  License, or (at your option) any later version.                           -->
<!--                                                                            -->
<!--  Transaction Generator is distributed in the hope that it will be useful,  -->
<!--  but WITHOUT ANY WARRANTY; without even the implied warranty of            -->
<!--  MERCHANTABILITY or FITNESS FOR A PARTICULAR PURPOSE.  See the             -->
<!--  Lesser GNU General Public License for more details.                       -->
<!--                                                                            -->
<!--  You should have received a copy of the Lesser GNU General Public Licenes  -->
<!--  along with Transaction Generator. If not, see                             -->
<!--  <http://www.gnu.org/licenses/>.                                           -->
<!--                                                                            -->
<!-- ************************************************************************** -->

<!-- ************************************************************************** -->
<!-- Video Object Plane Decoder, VOPD model                                     -->
<!-- Author:   Lasse Lehtonen, Department of Computer Systems,                  -->
<!--           Tampere University of Technology                                 -->
<!-- Modified: 27.05.2011                                                       -->
<!-- Based on:  "Noc synthesis flow for customized domain spesific              -->
<!--            multiprocessor systems-on-chip". D. Bertozzi, A. Jalabert,      -->
<!--            S. Murali, R. Tamhankar, L. Benini and G. de Micheli.           -->
<!--            IEEE Trans. Parallel Distrib.  Syst. vol. 16. no 2.             -->
<!--            pp. 113-129. February 2005.                                     -->
<!--                                                                            -->
<!--           Tasks      12, op_counts: no                                     -->
<!--           Events     3,  25 Hz                                             -->
<!--           Resources  16  (4 unused)                                        -->
<!--                                                                            -->
<!--                                                                            -->
<!-- ************************************************************************** -->
<?xml version='1.0'?>
<!DOCTYPE system_description>
<system xmlns:xsi="http://www.w3.org/2001/XMLSchema-instance" 
	xsi:noNamespaceSchemaLocation="xsm_content_model.xsd">
  <xsm_version value="4"/>
  
  <application>
    <task_graph>
      
      <task name="vid" id="0" class="general">
	<in_port id="0"/>
	<out_port id="5"/>
	<trigger>
	  <in_port id="0"/>
	  <exec_count>
	    <op_count>
	      <int_ops>
		<polynomial>
		  <param value="1" exp="0"/>
		</polynomial>
	      </int_ops>
	    </op_count>
	    <send out_id="5" prob="1">
	      <byte_amount>
		<polynomial>
		  <param value="71680" exp="0"/>
		</polynomial>
	      </byte_amount>
	    </send>
	    <next_state value="READY"/>
	  </exec_count>
	</trigger>
      </task>

      
      <task name="run_len_dec" id="1" class="general">
	<in_port id="10"/>
	<out_port id="15"/>
	<trigger>
	  <in_port id="10"/>
	  <exec_count>
	    <op_count>
	      <int_ops>
		<polynomial>
		  <param value="1" exp="0"/>
		</polynomial>
	      </int_ops>
	    </op_count>
	    <send out_id="15" prob="1">
	      <byte_amount>
		<polynomial>
		  <param value="370688" exp="0"/>
		</polynomial>
	      </byte_amount>
	    </send>
	    <next_state value="READY"/>
	  </exec_count>
	</trigger>
      </task>

      
      <task name="inv_scan" id="2" class="general">
	<in_port id="20"/>
	<out_port id="25"/>
	<trigger>
	  <in_port id="20"/>
	  <exec_count>
	    <op_count>
	      <int_ops>
		<polynomial>
		  <param value="1" exp="0"/>
		</polynomial>
	      </int_ops>
	    </op_count>
	    <send out_id="25" prob="1">
	      <byte_amount>
		<polynomial>
		  <param value="370688" exp="0"/>
		</polynomial>
	      </byte_amount>
	    </send>
	    <next_state value="READY"/>
	  </exec_count>
	</trigger>
      </task>

      
      <task name="acdc_pred" id="3" class="general">
	<in_port id="30"/>
	<out_port id="35"/>
	<out_port id="36"/>
	<trigger>
	  <in_port id="30"/>
	  <exec_count>
	    <op_count>
	      <int_ops>
		<polynomial>
		  <param value="1" exp="0"/>
		</polynomial>
	      </int_ops>
	    </op_count>
	    <send out_id="35" prob="1">
	      <byte_amount>
		<polynomial>
		  <param value="50176" exp="0"/>
		</polynomial>
	      </byte_amount>
	    </send>
	    <send out_id="36" prob="1">
	      <byte_amount>
		<polynomial>
		  <param value="370688" exp="0"/>
		</polynomial>
	      </byte_amount>
	    </send>
	    <next_state value="READY"/>
	  </exec_count>
	</trigger>
      </task>

      
      <task name="stripe_mem" id="4" class="general">
	<in_port id="40"/>
	<out_port id="45"/>
	<trigger>
	  <in_port id="40"/>
	  <exec_count>
	    <op_count>
	      <int_ops>
		<polynomial>
		  <param value="1" exp="0"/>
		</polynomial>
	      </int_ops>
	    </op_count>
	    <send out_id="45" prob="1">
	      <byte_amount>
		<polynomial>
		  <param value="27648" exp="0"/>
		</polynomial>
	      </byte_amount>
	    </send>
	    <next_state value="READY"/>
	  </exec_count>
	</trigger>
      </task>

      
      <task name="iquan" id="5" class="general">
	<in_port id="50"/>
	<in_port id="51"/>
	<out_port id="55"/>
	<trigger dependence_type="and">
	  <in_port id="51"/>
	  <in_port id="50"/>
	  <exec_count>
	    <op_count>
	      <int_ops>
		<polynomial>
		  <param value="1" exp="0"/>
		</polynomial>
	      </int_ops>
	    </op_count>
	    <send out_id="55" prob="1">
	      <byte_amount>
		<polynomial>
		  <param value="365568" exp="0"/>
		</polynomial>
	      </byte_amount>
	    </send>
	    <next_state value="READY"/>
	  </exec_count>
	</trigger>
      </task>

      
      <task name="arm" id="6" class="general">
	<in_port id="60"/>
	<out_port id="65"/>
	<trigger>
	  <in_port id="60"/>
	  <exec_count>
	    <op_count>
	      <int_ops>
		<polynomial>
		  <param value="1" exp="0"/>
		</polynomial>
	      </int_ops>
	    </op_count>
	    <send out_id="65" prob="1">
	      <byte_amount>
		<polynomial>
		  <param value="16386" exp="0"/>
		</polynomial>
	      </byte_amount>
	    </send>
	    <next_state value="READY"/>
	  </exec_count>
	</trigger>
      </task>

      
      <task name="idct" id="7" class="general">
	<in_port id="70"/>
	<in_port id="71"/>
	<out_port id="75"/>
	<trigger dependence_type="and">
	  <in_port id="70"/>
	  <in_port id="71"/>
	  <exec_count>
	    <op_count>
	      <int_ops>
		<polynomial>
		  <param value="1" exp="0"/>
		</polynomial>
	      </int_ops>
	    </op_count>
	    <send out_id="75" prob="1">
	      <byte_amount>
		<polynomial>
		  <param value="361472" exp="0"/>
		</polynomial>
	      </byte_amount>
	    </send>
	    <next_state value="READY"/>
	  </exec_count>
	</trigger>
      </task>

      
      <task name="up_samp" id="8" class="general">
	<in_port id="80"/>
	<out_port id="85"/>
	<trigger>
	  <in_port id="80"/>
	  <exec_count>
	    <op_count>
	      <int_ops>
		<polynomial>
		  <param value="1" exp="0"/>
		</polynomial>
	      </int_ops>
	    </op_count>
	    <send out_id="85" prob="1">
	      <byte_amount>
		<polynomial>
		  <param value="307200" exp="0"/>
		</polynomial>
	      </byte_amount>
	    </send>
	    <next_state value="READY"/>
	  </exec_count>
	</trigger>
      </task>

      
      <task name="vop_rec" id="9" class="general">
	<in_port id="90"/>
	<in_port id="91"/>
	<out_port id="95"/>
	<trigger dependence_type="and">
	  <in_port id="90"/>
	  <in_port id="91"/>
	  <exec_count>
	    <op_count>
	      <int_ops>
		<polynomial>
		  <param value="1" exp="0"/>
		</polynomial>
	      </int_ops>
	    </op_count>
	    <send out_id="95" prob="1">
	      <byte_amount>
		<polynomial>
		  <param value="320512" exp="0"/>
		</polynomial>
	      </byte_amount>
	    </send>
	    <next_state value="READY"/>
	  </exec_count>
	</trigger>
      </task>

      
      <task name="pad" id="10" class="general">
	<in_port id="100"/>
	<in_port id="101"/>
	<out_port id="105"/>
	<trigger dependence_type="and">
	  <in_port id="100"/>
	  <in_port id="101"/>
	  <exec_count>
	    <op_count>
	      <int_ops>
		<polynomial>
		  <param value="1" exp="0"/>
		</polynomial>
	      </int_ops>
	    </op_count>
	    <send out_id="105" prob="1">
	      <byte_amount>
		<polynomial>
		  <param value="320512" exp="0"/>
		</polynomial>
	      </byte_amount>
	    </send>
	    <next_state value="READY"/>
	  </exec_count>
	</trigger>
      </task>

      
      <task name="vop_mem" id="11" class="general">
	<in_port id="110"/>
	<in_port id="111"/>
	<out_port id="115"/>
	<out_port id="116"/>
	<trigger>
	  <in_port id="110"/>
	  <exec_count>
	    <op_count>
	      <int_ops>
		<polynomial>
		  <param value="1" exp="0"/>
		</polynomial>
	      </int_ops>
	    </op_count>
	    <next_state value="READY"/>
	  </exec_count>
	</trigger>
	<trigger>
	  <in_port id="111"/>
	  <exec_count>
	    <op_count>
	      <int_ops>
		<polynomial>
		  <param value="1" exp="0"/>
		</polynomial>
	      </int_ops>
	    </op_count>
	    <send out_id="115" prob="1">
	      <byte_amount>
		<polynomial>
		  <param value="51200" exp="0"/>
		</polynomial>
	      </byte_amount>
	    </send>
	    <send out_id="116" prob="1">
	      <byte_amount>
		<polynomial>
		  <param value="512000" exp="0"/>
		</polynomial>
	      </byte_amount>
	    </send>
	    <next_state value="READY"/>
	  </exec_count>
	</trigger>
      </task>

      <event_list>
	<event out_port_id="205" amount="1"
	       name="TriggeringInput1" id="20" period="0.04" prob="1"/>
	<event out_port_id="305" amount="1"
	       name="TriggeringInput2" id="30" period="0.04" prob="1"/>
	<event out_port_id="405" amount="1"
	       name="TriggeringInput3" id="40" period="0.04" prob="1"/>
      </event_list>

      <!-- events to tasks -->
      <port_connection src="205" dst="0"/>
      <port_connection src="305" dst="60"/>
      <port_connection src="405" dst="111"/>

      <!-- between tasks -->
      <port_connection src="5" dst="10"/>
      <port_connection src="15" dst="20"/>
      <port_connection src="25" dst="30"/>
      <port_connection src="35" dst="40"/>
      <port_connection src="36" dst="51"/>

      <port_connection src="45" dst="50"/>
      <port_connection src="55" dst="70"/>
      <port_connection src="65" dst="71"/>
      <port_connection src="75" dst="80"/>
      <port_connection src="85" dst="90"/>

      <port_connection src="95" dst="100"/>
      <port_connection src="105" dst="110"/>
      <port_connection src="115" dst="101"/>
      <port_connection src="116" dst="91"/>

      
    </task_graph>
    
  </application>

  
  <!-- ************************************************************* -->
  <!-- * MAPPING                                                   * -->
  <!-- ************************************************************* -->


  <mapping>

    <resource name="r0" id="0" contents="mutable">
	<group position="movable" name="g0" id="0" contents="mutable">
	  <task position="movable" name="vid" id="0"/>
	</group>
    </resource>

    <resource name="r1" id="1" contents="mutable">
	<group position="movable" name="g1" id="1" contents="mutable">
	  <task position="movable" name="run_len_dec" id="1"/>
	</group>
    </resource>

    <resource name="r2" id="2" contents="mutable">
	<group position="movable" name="g2" id="2" contents="mutable">
	  <task position="movable" name="inv_scan" id="2"/>
	</group>
    </resource>

    <resource name="r3" id="3" contents="mutable">
	<group position="movable" name="g3" id="3" contents="mutable">
	  <task position="movable" name="acdc_pred" id="3"/>
	</group>
    </resource>

    <resource name="r4" id="4" contents="mutable">
	<group position="movable" name="g4" id="4" contents="mutable">
	  <task position="movable" name="stripe_mem" id="4"/>
	</group>
    </resource>

    <resource name="r5" id="5" contents="mutable">
	<group position="movable" name="g5" id="5" contents="mutable">
	  <task position="movable" name="iquan" id="5"/>
	</group>
    </resource>

    <resource name="r6" id="6" contents="mutable">
	<group position="movable" name="g6" id="6" contents="mutable">
	  <task position="movable" name="arm" id="6"/>
	</group>
    </resource>

    <resource name="r7" id="7" contents="mutable">
	<group position="movable" name="g7" id="7" contents="mutable">
	  <task position="movable" name="idct" id="7"/>
	</group>
    </resource>

    <resource name="r8" id="8" contents="mutable">
	<group position="movable" name="g8" id="8" contents="mutable">
	  <task position="movable" name="up_samp" id="8"/>
	</group>
    </resource>

    <resource name="r9" id="9" contents="mutable">
	<group position="movable" name="g9" id="9" contents="mutable">
	  <task position="movable" name="vop_rec" id="9"/>
	</group>
    </resource>

    <resource name="r10" id="10" contents="mutable">
	<group position="movable" name="g10" id="10" contents="mutable">
	  <task position="movable" name="pad" id="10"/>
	</group>
    </resource>

    <resource name="r11" id="11" contents="mutable">
	<group position="movable" name="g11" id="11" contents="mutable">
	  <task position="movable" name="vop_mem" id="11"/>
	</group>
    </resource>

  <resource name="r12" id="12" contents="mutable">
	<group position="movable" name="g12" id="12" contents="mutable">
	</group>
    </resource>

  <resource name="r13" id="13" contents="mutable">
	<group position="movable" name="g13" id="13" contents="mutable">
	</group>
    </resource>

  <resource name="r14" id="14" contents="mutable">
	<group position="movable" name="g14" id="14" contents="mutable">
	</group>
    </resource>

  <resource name="r15" id="15" contents="mutable">
	<group position="movable" name="g15" id="15" contents="mutable">
	</group>
    </resource>


  </mapping>

  
  <!-- ************************************************************* -->
  <!-- * PLATFORM                                                  * -->
  <!-- ************************************************************* -->

  
  <platform> 
    <resource_list>

      <resource id="0" name="r0" frequency="100" type="CPU_TYPE_1"
		rx_buffer_size="0" tx_buffer_size="0" packet_size="8">
      </resource>

      <resource id="1" name="r1" frequency="100" type="CPU_TYPE_1"
		rx_buffer_size="0" tx_buffer_size="0" packet_size="8">
      </resource>

      <resource id="2" name="r2" frequency="100" type="CPU_TYPE_1"
		rx_buffer_size="0" tx_buffer_size="0" packet_size="8">
      </resource>

      <resource id="3" name="r3" frequency="100" type="CPU_TYPE_1"
		rx_buffer_size="0" tx_buffer_size="0" packet_size="8">
      </resource>

      <resource id="4" name="r4" frequency="100" type="CPU_TYPE_1"
		rx_buffer_size="0" tx_buffer_size="0" packet_size="8">
      </resource>

      <resource id="5" name="r5" frequency="100" type="CPU_TYPE_1"
		rx_buffer_size="0" tx_buffer_size="0" packet_size="8">
      </resource>

      <resource id="6" name="r6" frequency="100" type="CPU_TYPE_1"
		rx_buffer_size="0" tx_buffer_size="0" packet_size="8">
      </resource>

      <resource id="7" name="r7" frequency="100" type="CPU_TYPE_1"
		rx_buffer_size="0" tx_buffer_size="0" packet_size="8">
      </resource>

      <resource id="8" name="r8" frequency="100" type="CPU_TYPE_1"
		rx_buffer_size="0" tx_buffer_size="0" packet_size="8">
      </resource>

      <resource id="9" name="r9" frequency="100" type="CPU_TYPE_1"
		rx_buffer_size="0" tx_buffer_size="0" packet_size="8">
      </resource>

      <resource id="10" name="r10" frequency="100" type="CPU_TYPE_1"
		rx_buffer_size="0" tx_buffer_size="0" packet_size="8">
      </resource>

      <resource id="11" name="r11" frequency="100" type="CPU_TYPE_1"
		rx_buffer_size="0" tx_buffer_size="0" packet_size="8">
      </resource>

      <resource id="12" name="r12" frequency="100" type="CPU_TYPE_1"
		rx_buffer_size="0" tx_buffer_size="0" packet_size="8">
      </resource>

    <resource id="13" name="r13" frequency="100" type="CPU_TYPE_1"
		rx_buffer_size="0" tx_buffer_size="0" packet_size="8">
      </resource>

    <resource id="14" name="r14" frequency="100" type="CPU_TYPE_1"
		rx_buffer_size="0" tx_buffer_size="0" packet_size="8">
      </resource>

    <resource id="15" name="r15" frequency="100" type="CPU_TYPE_1"
		rx_buffer_size="0" tx_buffer_size="0" packet_size="8">
      </resource>

    </resource_list>
    

    
  </platform>

<constraints>
  <noc class="mesh_2d" type="sc_rtl_1" subtype="4x4"/>


    <!-- Seed for random number generator, comment out for random seed -->
    <rng_seed       value="42"/>

    <!-- Used in standalone mode, not with e.g. Modelsim -->
    <sim_resolution time="1.0"   unit="ns"/>
    <sim_length     time="600"   unit="ms"/>

    <!-- interval between measurements 
	 (both averages and snapshots) -->
    <measurements   time="10"   unit="ms"/>   

  
    <!-- true if using Execution Monitor,
	 uncomment or set false to disable,
	 not effect if TG is not compiled with USE_EXECMON flag -->
    <log_exec_mon file="log_execmon.txt"/>


    <!-- Path to PE lib file -->
    <pe_lib         file="examples/pe_lib.xml"/>

    <!-- Paths to log files, comment out to disable logging -->
    <!--log_packet      file="log_packet.csv"/-->
    <log_token       file="log_token.csv"/>
    <log_summary     file="log_summary.csv"/>
    <log_pe          file="log_pe.csv"/>
    <log_app         file="log_app.csv"/>
  
    <cost_function   func="tc_0"/>
    <cost_function   func="tc_1"/>
    <cost_function   func="tc_2"/>
    <cost_function   func="tc_3"/>
    <cost_function   func="tc_4"/>
    <cost_function   func="tc_5"/>
    <cost_function   func="tc_6"/>
    <cost_function   func="tc_7"/>
    <cost_function   func="tc_8"/>
    <cost_function   func="tc_9"/>
    <cost_function   func="tc_10"/>
    <cost_function   func="tc_11"/>
    
  </constraints>

</system>
