# time slot,request num,vertex1,vertex2,edge num,flow in slot,in port,out port
0,0,0,20,0,9.000000,-1,0
2,0,0,20,0,9.000000,-1,0
4,0,0,20,0,9.000000,-1,0
6,0,0,20,0,9.000000,-1,0
0,0,0,20,0,8.000000,-1,0
2,0,0,20,0,8.000000,-1,0
4,0,0,20,0,8.000000,-1,0
6,0,0,20,0,6.000000,-1,0
1,1,0,20,0,1.000000,-1,0
1,2,0,20,0,1.000000,-1,0
1,3,0,20,0,1.000000,-1,0
1,4,0,20,0,1.000000,-1,0
1,5,0,20,0,9.000000,-1,0
7,5,0,20,0,9.000000,-1,0
5,5,0,20,0,9.000000,-1,0
3,5,0,20,0,9.000000,-1,0
1,5,0,20,0,4.000000,-1,0
7,5,0,20,0,8.000000,-1,0
5,5,0,20,0,8.000000,-1,0
3,5,0,20,0,8.000000,-1,0
6,5,0,20,0,2.000000,-1,0
0,6,0,20,0,1.000000,-1,0
1,7,0,20,0,1.000000,-1,0
2,8,0,20,0,1.000000,-1,0
3,9,0,20,0,1.000000,-1,0
4,10,0,20,0,1.000000,-1,0
5,11,0,20,0,1.000000,-1,0
6,12,0,20,0,1.000000,-1,0
7,13,0,20,0,1.000000,-1,0
0,14,0,20,0,1.000000,-1,0
0,15,1,20,1,1.000000,-1,0
0,16,1,20,1,1.000000,-1,0
0,17,1,20,1,15.000000,-1,0
4,17,1,20,1,17.000000,-1,0
1,17,1,20,1,17.000000,-1,0
5,17,1,20,1,17.000000,-1,0
2,17,1,20,1,17.000000,-1,0
6,17,1,20,1,17.000000,-1,0
3,17,1,20,1,17.000000,-1,0
7,17,1,20,1,14.000000,-1,0
7,18,1,20,1,1.000000,-1,0
1,15,20,0,2,1.000000,-1,0
3,19,20,0,2,9.000000,-1,0
7,19,20,0,2,9.000000,-1,0
4,19,20,0,2,9.000000,-1,0
0,19,20,0,2,9.000000,-1,0
5,19,20,0,2,9.000000,-1,0
1,19,20,0,2,8.000000,-1,0
6,19,20,0,2,9.000000,-1,0
2,19,20,0,2,3.000000,-1,0
2,26,20,0,2,1.000000,-1,0
2,31,20,0,2,1.000000,-1,0
2,36,20,0,2,1.000000,-1,0
2,42,20,0,2,1.000000,-1,0
2,46,20,0,2,1.000000,-1,0
2,51,20,0,2,1.000000,-1,0
2,56,20,0,2,1.000000,-1,0
3,61,20,0,2,1.000000,-1,0
5,66,20,0,2,1.000000,-1,0
7,71,20,0,2,1.000000,-1,0
1,76,20,0,2,1.000000,-1,0
4,81,20,0,2,1.000000,-1,0
6,86,20,0,2,1.000000,-1,0
1,0,20,1,3,9.000000,-1,1
3,0,20,1,3,9.000000,-1,1
5,0,20,1,3,9.000000,-1,1
7,0,20,1,3,9.000000,-1,1
1,0,20,1,3,8.000000,-1,1
3,0,20,1,3,8.000000,-1,1
5,0,20,1,3,8.000000,-1,1
7,0,20,1,3,6.000000,-1,1
3,20,20,1,3,7.000000,-1,1
7,20,20,1,3,9.000000,-1,1
4,20,20,1,3,9.000000,-1,1
0,20,20,1,3,9.000000,-1,1
4,20,20,1,3,7.000000,-1,1
0,20,20,1,3,7.000000,-1,1
5,20,20,1,3,8.000000,-1,1
1,20,20,1,3,3.000000,-1,1
6,27,20,1,3,6.000000,-1,1
2,27,20,1,3,9.000000,-1,1
6,27,20,1,3,9.000000,-1,1
6,27,20,1,3,9.000000,-1,1
6,27,20,1,3,1.000000,-1,1
7,27,20,1,3,1.000000,-1,1
1,27,20,1,3,5.000000,-1,1
2,27,20,1,3,4.000000,-1,1
2,32,20,1,3,1.000000,-1,1
2,37,20,1,3,1.000000,-1,1
2,43,20,1,3,1.000000,-1,1
2,47,20,1,3,1.000000,-1,1
2,52,20,1,3,1.000000,-1,1
2,57,20,1,3,1.000000,-1,1
4,62,20,1,3,1.000000,-1,1
0,67,20,1,3,1.000000,-1,1
0,72,20,1,3,1.000000,-1,1
2,77,20,1,3,1.000000,-1,1
4,82,20,1,3,1.000000,-1,1
0,87,20,1,3,1.000000,-1,1
0,19,2,21,4,9.000000,-1,0
4,19,2,21,4,9.000000,-1,0
0,19,2,21,4,9.000000,-1,0
5,19,2,21,4,9.000000,-1,0
1,19,2,21,4,9.000000,-1,0
6,19,2,21,4,9.000000,-1,0
2,19,2,21,4,9.000000,-1,0
7,19,2,21,4,3.000000,-1,0
0,20,2,21,4,9.000000,-1,0
4,20,2,21,4,9.000000,-1,0
0,20,2,21,4,9.000000,-1,0
5,20,2,21,4,9.000000,-1,0
1,20,2,21,4,9.000000,-1,0
5,20,2,21,4,9.000000,-1,0
1,20,2,21,4,9.000000,-1,0
6,20,2,21,4,3.000000,-1,0
0,21,2,21,4,9.000000,-1,0
2,21,2,21,4,9.000000,-1,0
4,21,2,21,4,9.000000,-1,0
6,21,2,21,4,9.000000,-1,0
0,21,2,21,4,9.000000,-1,0
3,21,2,21,4,9.000000,-1,0
5,21,2,21,4,9.000000,-1,0
7,21,2,21,4,3.000000,-1,0
0,22,2,21,4,4.000000,-1,0
6,22,2,21,4,9.000000,-1,0
4,22,2,21,4,9.000000,-1,0
2,22,2,21,4,9.000000,-1,0
1,22,2,21,4,9.000000,-1,0
7,22,2,21,4,9.000000,-1,0
5,22,2,21,4,9.000000,-1,0
3,22,2,21,4,8.000000,-1,0
1,23,2,21,4,9.000000,-1,0
7,23,2,21,4,9.000000,-1,0
5,23,2,21,4,9.000000,-1,0
3,23,2,21,4,9.000000,-1,0
1,23,2,21,4,9.000000,-1,0
1,23,2,21,4,4.000000,-1,0
2,23,2,21,4,9.000000,-1,0
2,23,2,21,4,8.000000,-1,0
2,24,2,21,4,9.000000,-1,0
2,24,2,21,4,5.000000,-1,0
3,24,2,21,4,9.000000,-1,0
3,24,2,21,4,9.000000,-1,0
3,24,2,21,4,9.000000,-1,0
3,24,2,21,4,5.000000,-1,0
4,24,2,21,4,9.000000,-1,0
4,24,2,21,4,9.000000,-1,0
4,24,2,21,4,2.000000,-1,0
4,25,2,21,4,2.000000,-1,0
5,25,2,21,4,4.000000,-1,0
6,25,2,21,4,9.000000,-1,0
6,25,2,21,4,9.000000,-1,0
6,25,2,21,4,9.000000,-1,0
6,25,2,21,4,1.000000,-1,0
7,25,2,21,4,9.000000,-1,0
7,25,2,21,4,9.000000,-1,0
7,25,2,21,4,9.000000,-1,0
7,25,2,21,4,5.000000,-1,0
0,26,3,21,5,1.000000,-1,0
0,27,3,21,5,8.000000,-1,0
7,27,3,21,5,9.000000,-1,0
3,27,3,21,5,9.000000,-1,0
1,27,3,21,5,9.000000,-1,0
2,27,3,21,5,9.000000,-1,0
4,27,3,21,5,9.000000,-1,0
5,27,3,21,5,9.000000,-1,0
6,27,3,21,5,4.000000,-1,0
6,28,3,21,5,1.000000,-1,0
6,29,3,21,5,1.000000,-1,0
6,30,3,21,5,1.000000,-1,0
4,1,21,2,6,1.000000,-1,0
3,16,21,2,6,1.000000,-1,0
7,28,21,2,6,1.000000,-1,0
6,33,21,2,6,1.000000,-1,0
5,38,21,2,6,1.000000,-1,0
0,44,21,2,6,1.000000,-1,0
2,48,21,2,6,1.000000,-1,0
1,53,21,2,6,1.000000,-1,0
4,58,21,2,6,1.000000,-1,0
0,63,21,2,6,1.000000,-1,0
6,68,21,2,6,1.000000,-1,0
2,73,21,2,6,1.000000,-1,0
1,78,21,2,6,1.000000,-1,0
3,83,21,2,6,1.000000,-1,0
5,88,21,2,6,1.000000,-1,0
4,2,21,3,7,1.000000,-1,1
3,17,21,3,7,15.000000,-1,1
7,17,21,3,7,17.000000,-1,1
4,17,21,3,7,7.000000,-1,1
0,17,21,3,7,7.000000,-1,1
5,17,21,3,7,17.000000,-1,1
1,17,21,3,7,17.000000,-1,1
6,17,21,3,7,8.000000,-1,1
2,17,21,3,7,7.000000,-1,1
1,21,21,3,7,8.000000,-1,1
3,21,21,3,7,9.000000,-1,1
5,21,21,3,7,8.000000,-1,1
7,21,21,3,7,8.000000,-1,1
2,21,21,3,7,9.000000,-1,1
4,21,21,3,7,9.000000,-1,1
6,21,21,3,7,9.000000,-1,1
0,21,21,3,7,3.000000,-1,1
6,34,21,3,7,1.000000,-1,1
0,39,21,3,7,1.000000,-1,1
2,45,21,3,7,1.000000,-1,1
3,49,21,3,7,1.000000,-1,1
2,54,21,3,7,1.000000,-1,1
6,59,21,3,7,1.000000,-1,1
0,64,21,3,7,1.000000,-1,1
4,69,21,3,7,1.000000,-1,1
2,74,21,3,7,1.000000,-1,1
6,79,21,3,7,1.000000,-1,1
4,84,21,3,7,1.000000,-1,1
6,89,21,3,7,1.000000,-1,1
2,1,20,24,9,1.000000,-1,2
2,2,20,24,9,1.000000,-1,2
2,3,20,24,9,1.000000,-1,2
2,4,20,24,9,1.000000,-1,2
2,5,20,24,9,9.000000,-1,2
0,5,20,24,9,9.000000,-1,2
6,5,20,24,9,9.000000,-1,2
4,5,20,24,9,9.000000,-1,2
2,5,20,24,9,4.000000,-1,2
0,5,20,24,9,8.000000,-1,2
6,5,20,24,9,8.000000,-1,2
4,5,20,24,9,8.000000,-1,2
7,5,20,24,9,2.000000,-1,2
1,6,20,24,9,1.000000,-1,2
2,7,20,24,9,1.000000,-1,2
3,8,20,24,9,1.000000,-1,2
6,11,20,24,9,1.000000,-1,2
7,12,20,24,9,1.000000,-1,2
0,13,20,24,9,1.000000,-1,2
1,14,20,24,9,1.000000,-1,2
1,16,20,24,9,1.000000,-1,2
1,17,20,24,9,15.000000,-1,2
5,17,20,24,9,17.000000,-1,2
2,17,20,24,9,7.000000,-1,2
6,17,20,24,9,7.000000,-1,2
3,17,20,24,9,17.000000,-1,2
7,17,20,24,9,17.000000,-1,2
4,17,20,24,9,8.000000,-1,2
0,17,20,24,9,7.000000,-1,2
1,18,20,24,9,1.000000,-1,2
3,1,24,21,10,1.000000,-1,3
3,2,24,21,10,1.000000,-1,3
2,16,24,21,10,1.000000,-1,3
2,17,24,21,10,15.000000,-1,3
6,17,24,21,10,17.000000,-1,3
3,17,24,21,10,7.000000,-1,3
7,17,24,21,10,7.000000,-1,3
4,17,24,21,10,17.000000,-1,3
0,17,24,21,10,17.000000,-1,3
5,17,24,21,10,8.000000,-1,3
1,17,24,21,10,7.000000,-1,3
5,33,24,21,10,1.000000,-1,3
5,34,24,21,10,1.000000,-1,3
3,38,24,21,10,1.000000,-1,3
7,39,24,21,10,1.000000,-1,3
7,44,24,21,10,1.000000,-1,3
1,45,24,21,10,1.000000,-1,3
1,48,24,21,10,1.000000,-1,3
2,49,24,21,10,1.000000,-1,3
1,53,24,21,10,1.000000,-1,3
1,54,24,21,10,1.000000,-1,3
3,58,24,21,10,1.000000,-1,3
5,59,24,21,10,1.000000,-1,3
7,63,24,21,10,1.000000,-1,3
7,64,24,21,10,1.000000,-1,3
5,68,24,21,10,1.000000,-1,3
3,69,24,21,10,1.000000,-1,3
1,73,24,21,10,1.000000,-1,3
1,74,24,21,10,1.000000,-1,3
7,78,24,21,10,1.000000,-1,3
5,79,24,21,10,1.000000,-1,3
7,83,24,21,10,1.000000,-1,3
3,84,24,21,10,1.000000,-1,3
3,88,24,21,10,1.000000,-1,3
5,89,24,21,10,1.000000,-1,3
1,22,21,24,11,4.000000,-1,2
7,22,21,24,11,9.000000,-1,2
5,22,21,24,11,9.000000,-1,2
3,22,21,24,11,9.000000,-1,2
2,22,21,24,11,9.000000,-1,2
0,22,21,24,11,9.000000,-1,2
6,22,21,24,11,9.000000,-1,2
4,22,21,24,11,8.000000,-1,2
2,23,21,24,11,9.000000,-1,2
0,23,21,24,11,9.000000,-1,2
6,23,21,24,11,9.000000,-1,2
4,23,21,24,11,9.000000,-1,2
2,23,21,24,11,9.000000,-1,2
2,23,21,24,11,4.000000,-1,2
3,23,21,24,11,9.000000,-1,2
3,23,21,24,11,8.000000,-1,2
3,24,21,24,11,7.000000,-1,2
4,24,21,24,11,5.000000,-1,2
4,24,21,24,11,9.000000,-1,2
4,24,21,24,11,2.000000,-1,2
5,24,21,24,11,9.000000,-1,2
5,24,21,24,11,5.000000,-1,2
5,24,21,24,11,9.000000,-1,2
5,24,21,24,11,1.000000,-1,2
6,24,21,24,11,2.000000,-1,2
6,25,21,24,11,2.000000,-1,2
6,25,21,24,11,4.000000,-1,2
7,25,21,24,11,9.000000,-1,2
7,25,21,24,11,9.000000,-1,2
7,25,21,24,11,6.000000,-1,2
0,25,21,24,11,1.000000,-1,2
0,25,21,24,11,9.000000,-1,2
0,25,21,24,11,5.000000,-1,2
1,25,21,24,11,9.000000,-1,2
1,25,21,24,11,5.000000,-1,2
1,29,21,24,11,1.000000,-1,2
1,30,21,24,11,1.000000,-1,2
2,19,28,20,12,9.000000,-1,2
6,19,28,20,12,9.000000,-1,2
2,19,28,20,12,9.000000,-1,2
7,19,28,20,12,9.000000,-1,2
3,19,28,20,12,9.000000,-1,2
0,19,28,20,12,9.000000,-1,2
4,19,28,20,12,9.000000,-1,2
1,19,28,20,12,3.000000,-1,2
2,20,28,20,12,7.000000,-1,2
6,20,28,20,12,9.000000,-1,2
3,20,28,20,12,9.000000,-1,2
7,20,28,20,12,9.000000,-1,2
3,20,28,20,12,7.000000,-1,2
7,20,28,20,12,7.000000,-1,2
4,20,28,20,12,9.000000,-1,2
0,20,28,20,12,3.000000,-1,2
4,26,28,20,12,1.000000,-1,2
4,27,28,20,12,6.000000,-1,2
1,27,28,20,12,9.000000,-1,2
5,27,28,20,12,9.000000,-1,2
5,27,28,20,12,9.000000,-1,2
5,27,28,20,12,7.000000,-1,2
6,27,28,20,12,7.000000,-1,2
0,27,28,20,12,9.000000,-1,2
0,27,28,20,12,4.000000,-1,2
1,31,28,20,12,1.000000,-1,2
1,32,28,20,12,1.000000,-1,2
1,36,28,20,12,1.000000,-1,2
1,37,28,20,12,1.000000,-1,2
1,42,28,20,12,1.000000,-1,2
1,43,28,20,12,1.000000,-1,2
1,46,28,20,12,1.000000,-1,2
1,47,28,20,12,1.000000,-1,2
1,51,28,20,12,1.000000,-1,2
1,52,28,20,12,1.000000,-1,2
1,56,28,20,12,1.000000,-1,2
1,57,28,20,12,1.000000,-1,2
1,61,28,20,12,1.000000,-1,2
3,62,28,20,12,1.000000,-1,2
4,66,28,20,12,1.000000,-1,2
5,67,28,20,12,1.000000,-1,2
6,71,28,20,12,1.000000,-1,2
7,72,28,20,12,1.000000,-1,2
0,76,28,20,12,1.000000,-1,2
1,77,28,20,12,1.000000,-1,2
2,81,28,20,12,1.000000,-1,2
3,82,28,20,12,1.000000,-1,2
4,86,28,20,12,1.000000,-1,2
5,87,28,20,12,1.000000,-1,2
4,9,20,28,13,1.000000,-1,3
5,10,20,28,13,1.000000,-1,3
1,19,21,28,15,9.000000,-1,3
5,19,21,28,15,9.000000,-1,3
1,19,21,28,15,9.000000,-1,3
6,19,21,28,15,9.000000,-1,3
2,19,21,28,15,9.000000,-1,3
7,19,21,28,15,9.000000,-1,3
3,19,21,28,15,9.000000,-1,3
0,19,21,28,15,3.000000,-1,3
1,20,21,28,15,7.000000,-1,3
5,20,21,28,15,9.000000,-1,3
2,20,21,28,15,9.000000,-1,3
6,20,21,28,15,9.000000,-1,3
2,20,21,28,15,7.000000,-1,3
6,20,21,28,15,7.000000,-1,3
3,20,21,28,15,9.000000,-1,3
7,20,21,28,15,3.000000,-1,3
3,26,21,28,15,1.000000,-1,3
3,27,21,28,15,6.000000,-1,3
0,27,21,28,15,9.000000,-1,3
4,27,21,28,15,9.000000,-1,3
4,27,21,28,15,9.000000,-1,3
4,27,21,28,15,7.000000,-1,3
5,27,21,28,15,7.000000,-1,3
7,27,21,28,15,9.000000,-1,3
7,27,21,28,15,4.000000,-1,3
0,31,4,23,16,1.000000,-1,0
0,32,4,23,16,1.000000,-1,0
0,33,4,23,16,1.000000,-1,0
0,34,4,23,16,1.000000,-1,0
0,35,4,23,16,5.000000,-1,0
4,35,4,23,16,9.000000,-1,0
1,35,4,23,16,9.000000,-1,0
5,35,4,23,16,9.000000,-1,0
2,35,4,23,16,9.000000,-1,0
6,35,4,23,16,9.000000,-1,0
3,35,4,23,16,9.000000,-1,0
7,35,4,23,16,7.000000,-1,0
0,36,5,23,17,1.000000,-1,0
1,37,5,23,17,1.000000,-1,0
2,38,5,23,17,1.000000,-1,0
3,39,5,23,17,1.000000,-1,0
4,40,5,23,17,1.000000,-1,0
5,41,5,23,17,1.000000,-1,0
6,3,23,4,18,1.000000,-1,0
5,22,23,4,18,4.000000,-1,0
3,22,23,4,18,9.000000,-1,0
1,22,23,4,18,9.000000,-1,0
7,22,23,4,18,9.000000,-1,0
6,22,23,4,18,8.000000,-1,0
4,22,23,4,18,9.000000,-1,0
2,22,23,4,18,9.000000,-1,0
0,22,23,4,18,8.000000,-1,0
5,29,23,4,18,1.000000,-1,0
5,40,23,4,18,1.000000,-1,0
6,4,23,5,19,1.000000,-1,1
6,23,23,5,19,6.000000,-1,1
4,23,23,5,19,8.000000,-1,1
2,23,23,5,19,8.000000,-1,1
0,23,23,5,19,9.000000,-1,1
7,23,23,5,19,8.000000,-1,1
1,23,23,5,19,4.000000,-1,1
1,23,23,5,19,4.000000,-1,1
3,23,23,5,19,8.000000,-1,1
0,42,6,29,20,1.000000,-1,0
1,43,6,29,20,1.000000,-1,0
2,44,6,29,20,1.000000,-1,0
3,45,6,29,20,1.000000,-1,0
0,46,7,29,21,1.000000,-1,0
1,47,7,29,21,1.000000,-1,0
2,48,7,29,21,1.000000,-1,0
3,49,7,29,21,1.000000,-1,0
4,50,7,29,21,1.000000,-1,0
6,5,29,6,22,9.000000,-1,0
4,5,29,6,22,9.000000,-1,0
2,5,29,6,22,9.000000,-1,0
0,5,29,6,22,9.000000,-1,0
6,5,29,6,22,4.000000,-1,0
4,5,29,6,22,8.000000,-1,0
2,5,29,6,22,8.000000,-1,0
0,5,29,6,22,8.000000,-1,0
3,5,29,6,22,2.000000,-1,0
5,18,29,6,22,1.000000,-1,0
7,24,29,6,22,7.000000,-1,0
0,24,29,6,22,5.000000,-1,0
0,24,29,6,22,3.000000,-1,0
1,24,29,6,22,2.000000,-1,0
1,24,29,6,22,9.000000,-1,0
1,24,29,6,22,5.000000,-1,0
1,24,29,6,22,9.000000,-1,0
1,24,29,6,22,1.000000,-1,0
2,24,29,6,22,2.000000,-1,0
5,30,29,6,22,1.000000,-1,0
3,35,29,6,22,5.000000,-1,0
7,35,29,6,22,9.000000,-1,0
4,35,29,6,22,9.000000,-1,0
0,35,29,6,22,1.000000,-1,0
5,35,29,6,22,9.000000,-1,0
2,35,29,6,22,7.000000,-1,0
6,35,29,6,22,9.000000,-1,0
3,35,29,6,22,7.000000,-1,0
3,41,29,6,22,1.000000,-1,0
5,50,29,6,22,1.000000,-1,0
3,55,29,6,22,1.000000,-1,0
6,60,29,6,22,1.000000,-1,0
3,65,29,6,22,1.000000,-1,0
7,70,29,6,22,1.000000,-1,0
7,75,29,6,22,1.000000,-1,0
7,80,29,6,22,1.000000,-1,0
5,85,29,6,22,1.000000,-1,0
3,90,29,6,22,1.000000,-1,0
5,6,29,7,23,1.000000,-1,1
2,25,29,7,23,2.000000,-1,1
2,25,29,7,23,2.000000,-1,1
3,25,29,7,23,9.000000,-1,1
4,25,29,7,23,9.000000,-1,1
5,25,29,7,23,6.000000,-1,1
5,25,29,7,23,1.000000,-1,1
5,25,29,7,23,1.000000,-1,1
6,25,29,7,23,5.000000,-1,1
6,25,29,7,23,4.000000,-1,1
7,25,29,7,23,5.000000,-1,1
5,3,31,23,24,1.000000,-1,2
5,4,31,23,24,1.000000,-1,2
4,22,31,23,24,4.000000,-1,2
2,22,31,23,24,9.000000,-1,2
0,22,31,23,24,9.000000,-1,2
6,22,31,23,24,9.000000,-1,2
5,22,31,23,24,9.000000,-1,2
3,22,31,23,24,9.000000,-1,2
1,22,31,23,24,9.000000,-1,2
7,22,31,23,24,8.000000,-1,2
5,23,31,23,24,6.000000,-1,2
3,23,31,23,24,8.000000,-1,2
1,23,31,23,24,8.000000,-1,2
7,23,31,23,24,9.000000,-1,2
6,23,31,23,24,8.000000,-1,2
0,23,31,23,24,4.000000,-1,2
0,23,31,23,24,4.000000,-1,2
2,23,31,23,24,8.000000,-1,2
4,29,31,23,24,1.000000,-1,2
1,33,23,31,25,1.000000,-1,2
1,34,23,31,25,1.000000,-1,2
1,35,23,31,25,5.000000,-1,2
5,35,23,31,25,9.000000,-1,2
2,35,23,31,25,9.000000,-1,2
6,35,23,31,25,9.000000,-1,2
3,35,23,31,25,9.000000,-1,2
7,35,23,31,25,9.000000,-1,2
4,35,23,31,25,9.000000,-1,2
0,35,23,31,25,7.000000,-1,2
0,38,23,31,25,1.000000,-1,2
0,39,23,31,25,1.000000,-1,2
1,41,23,31,25,1.000000,-1,2
5,5,31,29,26,9.000000,-1,3
3,5,31,29,26,9.000000,-1,3
1,5,31,29,26,9.000000,-1,3
7,5,31,29,26,9.000000,-1,3
5,5,31,29,26,4.000000,-1,3
3,5,31,29,26,8.000000,-1,3
1,5,31,29,26,8.000000,-1,3
7,5,31,29,26,8.000000,-1,3
2,5,31,29,26,2.000000,-1,3
4,6,31,29,26,1.000000,-1,3
4,18,31,29,26,1.000000,-1,3
6,24,31,29,26,7.000000,-1,3
7,24,31,29,26,5.000000,-1,3
7,24,31,29,26,3.000000,-1,3
0,24,31,29,26,2.000000,-1,3
0,24,31,29,26,9.000000,-1,3
0,24,31,29,26,5.000000,-1,3
0,24,31,29,26,9.000000,-1,3
0,24,31,29,26,1.000000,-1,3
1,24,31,29,26,2.000000,-1,3
1,25,31,29,26,2.000000,-1,3
1,25,31,29,26,2.000000,-1,3
2,25,31,29,26,9.000000,-1,3
2,25,31,29,26,9.000000,-1,3
2,25,31,29,26,6.000000,-1,3
3,25,31,29,26,1.000000,-1,3
3,25,31,29,26,5.000000,-1,3
4,25,31,29,26,5.000000,-1,3
4,25,31,29,26,9.000000,-1,3
4,25,31,29,26,5.000000,-1,3
4,30,31,29,26,1.000000,-1,3
2,35,31,29,26,5.000000,-1,3
6,35,31,29,26,9.000000,-1,3
3,35,31,29,26,9.000000,-1,3
7,35,31,29,26,9.000000,-1,3
4,35,31,29,26,9.000000,-1,3
0,35,31,29,26,8.000000,-1,3
5,35,31,29,26,9.000000,-1,3
1,35,31,29,26,7.000000,-1,3
2,41,31,29,26,1.000000,-1,3
2,55,31,29,26,1.000000,-1,3
5,60,31,29,26,1.000000,-1,3
2,65,31,29,26,1.000000,-1,3
6,70,31,29,26,1.000000,-1,3
6,75,31,29,26,1.000000,-1,3
6,80,31,29,26,1.000000,-1,3
3,85,31,29,26,1.000000,-1,3
1,90,31,29,26,1.000000,-1,3
3,44,29,31,27,1.000000,-1,2
4,45,29,31,27,1.000000,-1,2
5,48,29,31,27,1.000000,-1,2
6,49,29,31,27,1.000000,-1,2
1,31,23,32,29,1.000000,-1,3
2,32,23,32,29,1.000000,-1,3
3,36,23,32,29,1.000000,-1,3
4,37,23,32,29,1.000000,-1,3
1,42,29,32,31,1.000000,-1,3
2,43,29,32,31,1.000000,-1,3
3,46,29,32,31,1.000000,-1,3
4,47,29,32,31,1.000000,-1,3
3,33,16,24,32,1.000000,-1,0
4,34,16,24,32,1.000000,-1,0
2,38,16,24,32,1.000000,-1,0
5,39,16,24,32,1.000000,-1,0
6,44,16,24,32,1.000000,-1,0
7,45,16,24,32,1.000000,-1,0
0,48,16,24,32,1.000000,-1,0
1,49,16,24,32,1.000000,-1,0
7,53,16,24,32,1.000000,-1,0
0,54,16,24,32,1.000000,-1,0
2,58,16,24,32,1.000000,-1,0
3,59,16,24,32,1.000000,-1,0
5,63,16,24,32,1.000000,-1,0
6,64,16,24,32,1.000000,-1,0
4,68,16,24,32,1.000000,-1,0
1,69,16,24,32,1.000000,-1,0
7,73,16,24,32,1.000000,-1,0
0,74,16,24,32,1.000000,-1,0
6,78,16,24,32,1.000000,-1,0
3,79,16,24,32,1.000000,-1,0
5,83,16,24,32,1.000000,-1,0
1,84,16,24,32,1.000000,-1,0
2,88,16,24,32,1.000000,-1,0
4,89,16,24,32,1.000000,-1,0
3,3,24,16,33,1.000000,-1,0
3,4,24,16,33,1.000000,-1,0
3,5,24,16,33,9.000000,-1,0
1,5,24,16,33,9.000000,-1,0
7,5,24,16,33,9.000000,-1,0
5,5,24,16,33,9.000000,-1,0
3,5,24,16,33,4.000000,-1,0
1,5,24,16,33,8.000000,-1,0
7,5,24,16,33,8.000000,-1,0
5,5,24,16,33,8.000000,-1,0
0,5,24,16,33,2.000000,-1,0
2,6,24,16,33,1.000000,-1,0
3,7,24,16,33,1.000000,-1,0
4,8,24,16,33,1.000000,-1,0
7,11,24,16,33,1.000000,-1,0
0,12,24,16,33,1.000000,-1,0
1,13,24,16,33,1.000000,-1,0
2,14,24,16,33,1.000000,-1,0
2,18,24,16,33,1.000000,-1,0
2,22,24,16,33,4.000000,-1,0
0,22,24,16,33,9.000000,-1,0
6,22,24,16,33,9.000000,-1,0
4,22,24,16,33,9.000000,-1,0
3,22,24,16,33,9.000000,-1,0
1,22,24,16,33,9.000000,-1,0
7,22,24,16,33,9.000000,-1,0
5,22,24,16,33,8.000000,-1,0
3,23,24,16,33,9.000000,-1,0
1,23,24,16,33,9.000000,-1,0
7,23,24,16,33,9.000000,-1,0
5,23,24,16,33,9.000000,-1,0
3,23,24,16,33,8.000000,-1,0
4,23,24,16,33,4.000000,-1,0
4,23,24,16,33,9.000000,-1,0
4,23,24,16,33,8.000000,-1,0
4,24,24,16,33,7.000000,-1,0
5,24,24,16,33,5.000000,-1,0
5,24,24,16,33,3.000000,-1,0
6,24,24,16,33,2.000000,-1,0
6,24,24,16,33,9.000000,-1,0
6,24,24,16,33,5.000000,-1,0
6,24,24,16,33,9.000000,-1,0
6,24,24,16,33,1.000000,-1,0
7,24,24,16,33,2.000000,-1,0
7,25,24,16,33,2.000000,-1,0
7,25,24,16,33,2.000000,-1,0
0,25,24,16,33,9.000000,-1,0
0,25,24,16,33,9.000000,-1,0
0,25,24,16,33,6.000000,-1,0
1,25,24,16,33,1.000000,-1,0
1,25,24,16,33,5.000000,-1,0
2,25,24,16,33,5.000000,-1,0
2,25,24,16,33,9.000000,-1,0
2,25,24,16,33,5.000000,-1,0
2,29,24,16,33,1.000000,-1,0
2,30,24,16,33,1.000000,-1,0
4,3,16,31,34,1.000000,-1,1
4,4,16,31,34,1.000000,-1,1
4,5,16,31,34,9.000000,-1,1
2,5,16,31,34,9.000000,-1,1
0,5,16,31,34,9.000000,-1,1
6,5,16,31,34,9.000000,-1,1
4,5,16,31,34,4.000000,-1,1
2,5,16,31,34,8.000000,-1,1
0,5,16,31,34,8.000000,-1,1
6,5,16,31,34,8.000000,-1,1
1,5,16,31,34,2.000000,-1,1
3,6,16,31,34,1.000000,-1,1
3,18,16,31,34,1.000000,-1,1
3,22,16,31,34,4.000000,-1,1
1,22,16,31,34,9.000000,-1,1
7,22,16,31,34,9.000000,-1,1
5,22,16,31,34,9.000000,-1,1
4,22,16,31,34,9.000000,-1,1
2,22,16,31,34,9.000000,-1,1
0,22,16,31,34,9.000000,-1,1
6,22,16,31,34,8.000000,-1,1
4,23,16,31,34,9.000000,-1,1
2,23,16,31,34,9.000000,-1,1
0,23,16,31,34,9.000000,-1,1
6,23,16,31,34,9.000000,-1,1
4,23,16,31,34,8.000000,-1,1
5,23,16,31,34,4.000000,-1,1
5,23,16,31,34,9.000000,-1,1
5,23,16,31,34,8.000000,-1,1
5,24,16,31,34,7.000000,-1,1
6,24,16,31,34,5.000000,-1,1
6,24,16,31,34,3.000000,-1,1
7,24,16,31,34,2.000000,-1,1
7,24,16,31,34,9.000000,-1,1
7,24,16,31,34,5.000000,-1,1
7,24,16,31,34,9.000000,-1,1
7,24,16,31,34,1.000000,-1,1
0,24,16,31,34,2.000000,-1,1
0,25,16,31,34,2.000000,-1,1
0,25,16,31,34,2.000000,-1,1
1,25,16,31,34,9.000000,-1,1
1,25,16,31,34,9.000000,-1,1
1,25,16,31,34,6.000000,-1,1
2,25,16,31,34,1.000000,-1,1
2,25,16,31,34,5.000000,-1,1
3,25,16,31,34,5.000000,-1,1
3,25,16,31,34,9.000000,-1,1
3,25,16,31,34,5.000000,-1,1
3,29,16,31,34,1.000000,-1,1
3,30,16,31,34,1.000000,-1,1
1,55,16,31,34,1.000000,-1,1
4,60,16,31,34,1.000000,-1,1
1,65,16,31,34,1.000000,-1,1
5,70,16,31,34,1.000000,-1,1
5,75,16,31,34,1.000000,-1,1
5,80,16,31,34,1.000000,-1,1
1,85,16,31,34,1.000000,-1,1
0,90,16,31,34,1.000000,-1,1
2,33,31,16,35,1.000000,-1,0
3,34,31,16,35,1.000000,-1,0
1,38,31,16,35,1.000000,-1,0
4,39,31,16,35,1.000000,-1,0
5,44,31,16,35,1.000000,-1,0
6,45,31,16,35,1.000000,-1,0
7,48,31,16,35,1.000000,-1,0
0,49,31,16,35,1.000000,-1,0
3,31,18,28,40,1.000000,-1,0
4,32,18,28,40,1.000000,-1,0
5,36,18,28,40,1.000000,-1,0
6,37,18,28,40,1.000000,-1,0
7,42,18,28,40,1.000000,-1,0
0,43,18,28,40,1.000000,-1,0
1,46,18,28,40,1.000000,-1,0
2,47,18,28,40,1.000000,-1,0
5,51,18,28,40,1.000000,-1,0
6,52,18,28,40,1.000000,-1,0
7,56,18,28,40,1.000000,-1,0
0,57,18,28,40,1.000000,-1,0
1,61,18,28,40,1.000000,-1,0
2,62,18,28,40,1.000000,-1,0
3,66,18,28,40,1.000000,-1,0
4,67,18,28,40,1.000000,-1,0
5,71,18,28,40,1.000000,-1,0
6,72,18,28,40,1.000000,-1,0
7,76,18,28,40,1.000000,-1,0
0,77,18,28,40,1.000000,-1,0
1,81,18,28,40,1.000000,-1,0
2,82,18,28,40,1.000000,-1,0
3,86,18,28,40,1.000000,-1,0
4,87,18,28,40,1.000000,-1,0
5,9,28,18,41,1.000000,-1,0
6,10,28,18,41,1.000000,-1,0
2,31,32,18,43,1.000000,-1,0
3,32,32,18,43,1.000000,-1,0
4,36,32,18,43,1.000000,-1,0
5,37,32,18,43,1.000000,-1,0
6,42,32,18,43,1.000000,-1,0
7,43,32,18,43,1.000000,-1,0
0,46,32,18,43,1.000000,-1,0
1,47,32,18,43,1.000000,-1,0
0,51,8,22,48,1.000000,-1,0
1,52,8,22,48,1.000000,-1,0
2,53,8,22,48,1.000000,-1,0
3,54,8,22,48,1.000000,-1,0
4,55,8,22,48,1.000000,-1,0
0,56,9,22,49,1.000000,-1,0
1,57,9,22,49,1.000000,-1,0
2,58,9,22,49,1.000000,-1,0
3,59,9,22,49,1.000000,-1,0
4,60,9,22,49,1.000000,-1,0
0,7,22,8,50,1.000000,-1,0
1,8,22,9,51,1.000000,-1,1
0,61,10,25,52,1.000000,-1,0
1,62,10,25,52,1.000000,-1,0
2,63,10,25,52,1.000000,-1,0
3,64,10,25,52,1.000000,-1,0
4,65,10,25,52,1.000000,-1,0
0,66,11,25,53,1.000000,-1,0
1,67,11,25,53,1.000000,-1,0
2,68,11,25,53,1.000000,-1,0
3,69,11,25,53,1.000000,-1,0
4,70,11,25,53,1.000000,-1,0
2,9,25,10,54,1.000000,-1,0
3,10,25,11,55,1.000000,-1,1
7,7,26,22,56,1.000000,-1,0
0,8,26,22,56,1.000000,-1,0
3,53,22,26,57,1.000000,-1,2
4,54,22,26,57,1.000000,-1,2
5,55,22,26,57,1.000000,-1,2
6,58,22,26,57,1.000000,-1,2
7,59,22,26,57,1.000000,-1,2
0,60,22,26,57,1.000000,-1,2
3,63,25,26,59,1.000000,-1,2
4,64,25,26,59,1.000000,-1,2
5,65,25,26,59,1.000000,-1,2
6,68,25,26,59,1.000000,-1,2
7,69,25,26,59,1.000000,-1,2
0,70,25,26,59,1.000000,-1,2
1,51,22,27,61,1.000000,-1,3
2,52,22,27,61,1.000000,-1,3
3,56,22,27,61,1.000000,-1,3
4,57,22,27,61,1.000000,-1,3
1,9,27,25,62,1.000000,-1,1
2,10,27,25,62,1.000000,-1,1
1,61,25,27,63,1.000000,-1,3
2,62,25,27,63,1.000000,-1,3
3,66,25,27,63,1.000000,-1,3
4,67,25,27,63,1.000000,-1,3
0,71,12,30,64,1.000000,-1,0
1,72,12,30,64,1.000000,-1,0
2,73,12,30,64,1.000000,-1,0
3,74,12,30,64,1.000000,-1,0
4,75,12,30,64,1.000000,-1,0
0,76,13,30,65,1.000000,-1,0
1,77,13,30,65,1.000000,-1,0
2,78,13,30,65,1.000000,-1,0
3,79,13,30,65,1.000000,-1,0
4,80,13,30,65,1.000000,-1,0
4,11,30,12,66,1.000000,-1,0
5,12,30,13,67,1.000000,-1,1
0,81,14,33,68,1.000000,-1,0
1,82,14,33,68,1.000000,-1,0
2,83,14,33,68,1.000000,-1,0
3,84,14,33,68,1.000000,-1,0
4,85,14,33,68,1.000000,-1,0
0,86,15,33,69,1.000000,-1,0
1,87,15,33,69,1.000000,-1,0
2,88,15,33,69,1.000000,-1,0
3,89,15,33,69,1.000000,-1,0
4,90,15,33,69,1.000000,-1,0
6,13,33,14,70,1.000000,-1,0
7,14,33,15,71,1.000000,-1,1
3,11,34,30,72,1.000000,-1,0
4,12,34,30,72,1.000000,-1,0
3,73,30,34,73,1.000000,-1,2
4,74,30,34,73,1.000000,-1,2
5,75,30,34,73,1.000000,-1,2
6,78,30,34,73,1.000000,-1,2
7,79,30,34,73,1.000000,-1,2
0,80,30,34,73,1.000000,-1,2
5,13,34,33,74,1.000000,-1,1
6,14,34,33,74,1.000000,-1,1
3,83,33,34,75,1.000000,-1,2
4,84,33,34,75,1.000000,-1,2
5,85,33,34,75,1.000000,-1,2
6,88,33,34,75,1.000000,-1,2
7,89,33,34,75,1.000000,-1,2
0,90,33,34,75,1.000000,-1,2
1,71,30,35,77,1.000000,-1,3
2,72,30,35,77,1.000000,-1,3
3,76,30,35,77,1.000000,-1,3
4,77,30,35,77,1.000000,-1,3
1,81,33,35,79,1.000000,-1,3
2,82,33,35,79,1.000000,-1,3
3,86,33,35,79,1.000000,-1,3
4,87,33,35,79,1.000000,-1,3
6,7,36,26,80,1.000000,-1,0
7,8,36,26,80,1.000000,-1,0
4,53,26,36,81,1.000000,-1,2
5,54,26,36,81,1.000000,-1,2
6,55,26,36,81,1.000000,-1,2
7,58,26,36,81,1.000000,-1,2
0,59,26,36,81,1.000000,-1,2
1,60,26,36,81,1.000000,-1,2
2,63,26,36,81,1.000000,-1,2
3,64,26,36,81,1.000000,-1,2
6,65,26,36,81,1.000000,-1,2
7,68,26,36,81,1.000000,-1,2
0,69,26,36,81,1.000000,-1,2
1,70,26,36,81,1.000000,-1,2
2,11,36,34,82,1.000000,-1,1
3,12,36,34,82,1.000000,-1,1
4,13,36,34,82,1.000000,-1,1
5,14,36,34,82,1.000000,-1,1
4,73,34,36,83,1.000000,-1,2
5,74,34,36,83,1.000000,-1,2
6,75,34,36,83,1.000000,-1,2
7,78,34,36,83,1.000000,-1,2
0,79,34,36,83,1.000000,-1,2
1,80,34,36,83,1.000000,-1,2
2,83,34,36,83,1.000000,-1,2
3,84,34,36,83,1.000000,-1,2
6,85,34,36,83,1.000000,-1,2
7,88,34,36,83,1.000000,-1,2
0,89,34,36,83,1.000000,-1,2
1,90,34,36,83,1.000000,-1,2
0,9,38,27,88,1.000000,-1,0
1,10,38,27,88,1.000000,-1,0
2,51,27,38,89,1.000000,-1,2
3,52,27,38,89,1.000000,-1,2
4,56,27,38,89,1.000000,-1,2
5,57,27,38,89,1.000000,-1,2
6,61,27,38,89,1.000000,-1,2
7,62,27,38,89,1.000000,-1,2
0,66,27,38,89,1.000000,-1,2
1,67,27,38,89,1.000000,-1,2
2,71,35,38,91,1.000000,-1,2
3,72,35,38,91,1.000000,-1,2
4,76,35,38,91,1.000000,-1,2
5,77,35,38,91,1.000000,-1,2
6,81,35,38,91,1.000000,-1,2
7,82,35,38,91,1.000000,-1,2
0,86,35,38,91,1.000000,-1,2
1,87,35,38,91,1.000000,-1,2
4,7,16,40,97,1.000000,-1,2
5,8,16,40,97,1.000000,-1,2
0,11,16,40,97,1.000000,-1,2
1,12,16,40,97,1.000000,-1,2
2,13,16,40,97,1.000000,-1,2
3,14,16,40,97,1.000000,-1,2
5,7,40,36,98,1.000000,-1,1
6,8,40,36,98,1.000000,-1,1
1,11,40,36,98,1.000000,-1,1
2,12,40,36,98,1.000000,-1,1
3,13,40,36,98,1.000000,-1,1
4,14,40,36,98,1.000000,-1,1
6,53,41,16,100,1.000000,-1,0
7,54,41,16,100,1.000000,-1,0
0,55,41,16,100,1.000000,-1,0
1,58,41,16,100,1.000000,-1,0
2,59,41,16,100,1.000000,-1,0
3,60,41,16,100,1.000000,-1,0
4,63,41,16,100,1.000000,-1,0
5,64,41,16,100,1.000000,-1,0
0,65,41,16,100,1.000000,-1,0
1,68,41,16,100,1.000000,-1,0
2,69,41,16,100,1.000000,-1,0
3,70,41,16,100,1.000000,-1,0
6,73,41,16,100,1.000000,-1,0
7,74,41,16,100,1.000000,-1,0
4,75,41,16,100,1.000000,-1,0
5,78,41,16,100,1.000000,-1,0
2,79,41,16,100,1.000000,-1,0
3,80,41,16,100,1.000000,-1,0
4,83,41,16,100,1.000000,-1,0
5,84,41,16,100,1.000000,-1,0
0,85,41,16,100,1.000000,-1,0
1,88,41,16,100,1.000000,-1,0
6,89,41,16,100,1.000000,-1,0
7,90,41,16,100,1.000000,-1,0
5,53,36,41,103,1.000000,-1,3
6,54,36,41,103,1.000000,-1,3
7,55,36,41,103,1.000000,-1,3
0,58,36,41,103,1.000000,-1,3
1,59,36,41,103,1.000000,-1,3
2,60,36,41,103,1.000000,-1,3
3,63,36,41,103,1.000000,-1,3
4,64,36,41,103,1.000000,-1,3
7,65,36,41,103,1.000000,-1,3
0,68,36,41,103,1.000000,-1,3
1,69,36,41,103,1.000000,-1,3
2,70,36,41,103,1.000000,-1,3
5,73,36,41,103,1.000000,-1,3
6,74,36,41,103,1.000000,-1,3
3,75,36,41,103,1.000000,-1,3
4,78,36,41,103,1.000000,-1,3
1,79,36,41,103,1.000000,-1,3
2,80,36,41,103,1.000000,-1,3
3,83,36,41,103,1.000000,-1,3
4,84,36,41,103,1.000000,-1,3
7,85,36,41,103,1.000000,-1,3
0,88,36,41,103,1.000000,-1,3
5,89,36,41,103,1.000000,-1,3
6,90,36,41,103,1.000000,-1,3
6,9,18,44,113,1.000000,-1,2
7,10,18,44,113,1.000000,-1,2
7,9,44,38,114,1.000000,-1,1
0,10,44,38,114,1.000000,-1,1
4,51,45,18,116,1.000000,-1,0
5,52,45,18,116,1.000000,-1,0
6,56,45,18,116,1.000000,-1,0
7,57,45,18,116,1.000000,-1,0
0,61,45,18,116,1.000000,-1,0
1,62,45,18,116,1.000000,-1,0
2,66,45,18,116,1.000000,-1,0
3,67,45,18,116,1.000000,-1,0
4,71,45,18,116,1.000000,-1,0
5,72,45,18,116,1.000000,-1,0
6,76,45,18,116,1.000000,-1,0
7,77,45,18,116,1.000000,-1,0
0,81,45,18,116,1.000000,-1,0
1,82,45,18,116,1.000000,-1,0
2,86,45,18,116,1.000000,-1,0
3,87,45,18,116,1.000000,-1,0
3,51,38,45,119,1.000000,-1,3
4,52,38,45,119,1.000000,-1,3
5,56,38,45,119,1.000000,-1,3
6,57,38,45,119,1.000000,-1,3
7,61,38,45,119,1.000000,-1,3
0,62,38,45,119,1.000000,-1,3
1,66,38,45,119,1.000000,-1,3
2,67,38,45,119,1.000000,-1,3
3,71,38,45,119,1.000000,-1,3
4,72,38,45,119,1.000000,-1,3
5,76,38,45,119,1.000000,-1,3
6,77,38,45,119,1.000000,-1,3
7,81,38,45,119,1.000000,-1,3
0,82,38,45,119,1.000000,-1,3
1,86,38,45,119,1.000000,-1,3
2,87,38,45,119,1.000000,-1,3
