<?xml version="1.0" encoding="UTF-8"?>
<!--Created by Kactus 2 document generator 14:39:56 pe syys 9 2011-->
<spirit:abstractionDefinition>
	<spirit:vendor>TUT</spirit:vendor>
	<spirit:library>ip.hwp.interface</spirit:library>
	<spirit:name>ethernet_dm9000a.absDef</spirit:name>
	<spirit:version>1.0</spirit:version>
	<spirit:busType spirit:vendor="TUT" spirit:library="ip.hwp.interface" spirit:name="ethernet_dm9000a" spirit:version="1.0"/>
	<spirit:ports>
		<spirit:port>
			<spirit:logicalName>eth_chip_sel_out</spirit:logicalName>
			<spirit:wire>
				<spirit:onMaster>
					<spirit:presence>required</spirit:presence>
					<spirit:width>1</spirit:width>
					<spirit:direction>out</spirit:direction>
				</spirit:onMaster>
				<spirit:requiresDriver spirit:driverType="any"/>false</spirit:wire>
		</spirit:port>
		<spirit:port>
			<spirit:logicalName>eth_clk_out</spirit:logicalName>
			<spirit:description>25 MHz. Will be driven from the clock input.</spirit:description>
			<spirit:wire>
				<spirit:onMaster>
					<spirit:presence>required</spirit:presence>
					<spirit:width>1</spirit:width>
					<spirit:direction>out</spirit:direction>
				</spirit:onMaster>
				<spirit:requiresDriver spirit:driverType="any"/>false</spirit:wire>
		</spirit:port>
		<spirit:port>
			<spirit:logicalName>eth_cmd_out</spirit:logicalName>
			<spirit:wire>
				<spirit:onMaster>
					<spirit:presence>required</spirit:presence>
					<spirit:width>1</spirit:width>
					<spirit:direction>out</spirit:direction>
				</spirit:onMaster>
				<spirit:requiresDriver spirit:driverType="any"/>false</spirit:wire>
		</spirit:port>
		<spirit:port>
			<spirit:logicalName>eth_data_inout</spirit:logicalName>
			<spirit:wire>
				<spirit:onMaster>
					<spirit:presence>required</spirit:presence>
					<spirit:width>16</spirit:width>
					<spirit:direction>inout</spirit:direction>
				</spirit:onMaster>
				<spirit:requiresDriver spirit:driverType="any"/>false</spirit:wire>
		</spirit:port>
		<spirit:port>
			<spirit:logicalName>eth_interrupt_in</spirit:logicalName>
			<spirit:wire>
				<spirit:onMaster>
					<spirit:presence>required</spirit:presence>
					<spirit:width>1</spirit:width>
					<spirit:direction>in</spirit:direction>
				</spirit:onMaster>
				<spirit:requiresDriver spirit:driverType="any"/>false</spirit:wire>
		</spirit:port>
		<spirit:port>
			<spirit:logicalName>eth_read_out</spirit:logicalName>
			<spirit:wire>
				<spirit:onMaster>
					<spirit:presence>required</spirit:presence>
					<spirit:width>1</spirit:width>
					<spirit:direction>out</spirit:direction>
				</spirit:onMaster>
				<spirit:requiresDriver spirit:driverType="any"/>false</spirit:wire>
		</spirit:port>
		<spirit:port>
			<spirit:logicalName>eth_reset_out</spirit:logicalName>
			<spirit:wire>
				<spirit:onMaster>
					<spirit:presence>required</spirit:presence>
					<spirit:width>1</spirit:width>
					<spirit:direction>out</spirit:direction>
				</spirit:onMaster>
				<spirit:requiresDriver spirit:driverType="any"/>false</spirit:wire>
		</spirit:port>
		<spirit:port>
			<spirit:logicalName>eth_write_out</spirit:logicalName>
			<spirit:wire>
				<spirit:onMaster>
					<spirit:presence>required</spirit:presence>
					<spirit:width>1</spirit:width>
					<spirit:direction>out</spirit:direction>
				</spirit:onMaster>
				<spirit:requiresDriver spirit:driverType="any"/>false</spirit:wire>
		</spirit:port>
	</spirit:ports>
</spirit:abstractionDefinition>
