Log created ; 2013-Aug-29 15:56:32

Time[1 ns];Name;Buffer usage;State
1000000;Forward_h_1;0;WAIT
1000000;Forward_h_2;0;WAIT
1000000;Reply_f_and_send_g;0;WAIT
1000000;Send_a_and_h;1;RUN
1000000;Forward_h_5;0;WAIT
1000000;Reply_i_and_send_c;0;WAIT
1000000;Sink_7;0;WAIT
1000000;Forward_a_8;0;WAIT
1000000;Forward_a_9;0;WAIT
1000000;Forward_a_10;0;WAIT
1000000;Reply_d_and_send_e;0;WAIT
1000000;Reply_b_and_send_c_12;0;WAIT
1000000;Reply_b_and_send_c_13;0;WAIT
1000000;Reply_b_and_send_c_14;0;WAIT
1000000;Send_d;0;WAIT
2000000;Forward_h_1;0;WAIT
2000000;Forward_h_2;0;WAIT
2000000;Reply_f_and_send_g;0;WAIT
2000000;Send_a_and_h;0;WAIT
2000000;Forward_h_5;0;WAIT
2000000;Reply_i_and_send_c;0;WAIT
2000000;Sink_7;0;WAIT
2000000;Forward_a_8;0;WAIT
2000000;Forward_a_9;0;WAIT
2000000;Forward_a_10;0;WAIT
2000000;Reply_d_and_send_e;0;WAIT
2000000;Reply_b_and_send_c_12;0;WAIT
2000000;Reply_b_and_send_c_13;0;WAIT
2000000;Reply_b_and_send_c_14;0;WAIT
2000000;Send_d;0;WAIT
3000000;Forward_h_1;0;WAIT
3000000;Forward_h_2;0;WAIT
3000000;Reply_f_and_send_g;0;WAIT
3000000;Send_a_and_h;1;RUN
3000000;Forward_h_5;0;WAIT
3000000;Reply_i_and_send_c;0;WAIT
3000000;Sink_7;0;WAIT
3000000;Forward_a_8;0;WAIT
3000000;Forward_a_9;0;WAIT
3000000;Forward_a_10;0;WAIT
3000000;Reply_d_and_send_e;0;WAIT
3000000;Reply_b_and_send_c_12;0;WAIT
3000000;Reply_b_and_send_c_13;0;WAIT
3000000;Reply_b_and_send_c_14;0;WAIT
3000000;Send_d;0;WAIT
4000000;Forward_h_1;0;WAIT
4000000;Forward_h_2;0;WAIT
4000000;Reply_f_and_send_g;0;WAIT
4000000;Send_a_and_h;1;RUN
4000000;Forward_h_5;0;WAIT
4000000;Reply_i_and_send_c;0;WAIT
4000000;Sink_7;0;WAIT
4000000;Forward_a_8;0;WAIT
4000000;Forward_a_9;0;WAIT
4000000;Forward_a_10;0;WAIT
4000000;Reply_d_and_send_e;0;WAIT
4000000;Reply_b_and_send_c_12;0;WAIT
4000000;Reply_b_and_send_c_13;0;WAIT
4000000;Reply_b_and_send_c_14;0;WAIT
4000000;Send_d;0;WAIT
5000000;Forward_h_1;0;WAIT
5000000;Forward_h_2;0;WAIT
5000000;Reply_f_and_send_g;0;WAIT
5000000;Send_a_and_h;1;READY
5000000;Forward_h_5;0;WAIT
5000000;Reply_i_and_send_c;1;READY
5000000;Sink_7;0;WAIT
5000000;Forward_a_8;0;WAIT
5000000;Forward_a_9;0;WAIT
5000000;Forward_a_10;0;WAIT
5000000;Reply_d_and_send_e;0;WAIT
5000000;Reply_b_and_send_c_12;1;READY
5000000;Reply_b_and_send_c_13;1;READY
5000000;Reply_b_and_send_c_14;1;READY
5000000;Send_d;1;READY
6000000;Forward_h_1;0;WAIT
6000000;Forward_h_2;0;WAIT
6000000;Reply_f_and_send_g;0;WAIT
6000000;Send_a_and_h;1;RUN
6000000;Forward_h_5;0;WAIT
6000000;Reply_i_and_send_c;0;WAIT
6000000;Sink_7;0;WAIT
6000000;Forward_a_8;0;WAIT
6000000;Forward_a_9;0;WAIT
6000000;Forward_a_10;0;WAIT
6000000;Reply_d_and_send_e;0;WAIT
6000000;Reply_b_and_send_c_12;0;WAIT
6000000;Reply_b_and_send_c_13;0;WAIT
6000000;Reply_b_and_send_c_14;0;WAIT
6000000;Send_d;0;WAIT
7000000;Forward_h_1;0;WAIT
7000000;Forward_h_2;0;WAIT
7000000;Reply_f_and_send_g;0;WAIT
7000000;Send_a_and_h;0;WAIT
7000000;Forward_h_5;0;WAIT
7000000;Reply_i_and_send_c;0;WAIT
7000000;Sink_7;0;WAIT
7000000;Forward_a_8;0;WAIT
7000000;Forward_a_9;0;WAIT
7000000;Forward_a_10;0;WAIT
7000000;Reply_d_and_send_e;0;WAIT
7000000;Reply_b_and_send_c_12;0;WAIT
7000000;Reply_b_and_send_c_13;0;WAIT
7000000;Reply_b_and_send_c_14;0;WAIT
7000000;Send_d;0;WAIT
8000000;Forward_h_1;0;WAIT
8000000;Forward_h_2;0;WAIT
8000000;Reply_f_and_send_g;0;WAIT
8000000;Send_a_and_h;1;RUN
8000000;Forward_h_5;0;WAIT
8000000;Reply_i_and_send_c;0;WAIT
8000000;Sink_7;0;WAIT
8000000;Forward_a_8;0;WAIT
8000000;Forward_a_9;0;WAIT
8000000;Forward_a_10;0;WAIT
8000000;Reply_d_and_send_e;0;WAIT
8000000;Reply_b_and_send_c_12;0;WAIT
8000000;Reply_b_and_send_c_13;0;WAIT
8000000;Reply_b_and_send_c_14;0;WAIT
8000000;Send_d;0;WAIT
9000000;Forward_h_1;0;WAIT
9000000;Forward_h_2;0;WAIT
9000000;Reply_f_and_send_g;0;WAIT
9000000;Send_a_and_h;1;RUN
9000000;Forward_h_5;0;WAIT
9000000;Reply_i_and_send_c;0;WAIT
9000000;Sink_7;0;WAIT
9000000;Forward_a_8;0;WAIT
9000000;Forward_a_9;0;WAIT
9000000;Forward_a_10;0;WAIT
9000000;Reply_d_and_send_e;0;WAIT
9000000;Reply_b_and_send_c_12;0;WAIT
9000000;Reply_b_and_send_c_13;0;WAIT
9000000;Reply_b_and_send_c_14;0;WAIT
9000000;Send_d;0;WAIT
10000000;Forward_h_1;0;WAIT
10000000;Forward_h_2;0;WAIT
10000000;Reply_f_and_send_g;0;WAIT
10000000;Send_a_and_h;0;WAIT
10000000;Forward_h_5;0;WAIT
10000000;Reply_i_and_send_c;0;WAIT
10000000;Sink_7;0;WAIT
10000000;Forward_a_8;0;WAIT
10000000;Forward_a_9;0;WAIT
10000000;Forward_a_10;0;WAIT
10000000;Reply_d_and_send_e;1;READY
10000000;Reply_b_and_send_c_12;1;READY
10000000;Reply_b_and_send_c_13;0;WAIT
10000000;Reply_b_and_send_c_14;1;READY
10000000;Send_d;1;READY
11000000;Forward_h_1;0;WAIT
11000000;Forward_h_2;0;WAIT
11000000;Reply_f_and_send_g;0;WAIT
11000000;Send_a_and_h;1;RUN
11000000;Forward_h_5;0;WAIT
11000000;Reply_i_and_send_c;0;WAIT
11000000;Sink_7;0;WAIT
11000000;Forward_a_8;0;WAIT
11000000;Forward_a_9;0;WAIT
11000000;Forward_a_10;0;WAIT
11000000;Reply_d_and_send_e;0;WAIT
11000000;Reply_b_and_send_c_12;0;WAIT
11000000;Reply_b_and_send_c_13;0;WAIT
11000000;Reply_b_and_send_c_14;0;WAIT
11000000;Send_d;0;WAIT
12000000;Forward_h_1;0;WAIT
12000000;Forward_h_2;0;WAIT
12000000;Reply_f_and_send_g;0;WAIT
12000000;Send_a_and_h;0;WAIT
12000000;Forward_h_5;0;WAIT
12000000;Reply_i_and_send_c;0;WAIT
12000000;Sink_7;0;WAIT
12000000;Forward_a_8;0;WAIT
12000000;Forward_a_9;0;WAIT
12000000;Forward_a_10;0;WAIT
12000000;Reply_d_and_send_e;0;WAIT
12000000;Reply_b_and_send_c_12;0;WAIT
12000000;Reply_b_and_send_c_13;0;WAIT
12000000;Reply_b_and_send_c_14;0;WAIT
12000000;Send_d;0;WAIT
13000000;Forward_h_1;0;WAIT
13000000;Forward_h_2;0;WAIT
13000000;Reply_f_and_send_g;0;WAIT
13000000;Send_a_and_h;1;RUN
13000000;Forward_h_5;0;WAIT
13000000;Reply_i_and_send_c;0;WAIT
13000000;Sink_7;0;WAIT
13000000;Forward_a_8;0;WAIT
13000000;Forward_a_9;0;WAIT
13000000;Forward_a_10;0;WAIT
13000000;Reply_d_and_send_e;0;WAIT
13000000;Reply_b_and_send_c_12;0;WAIT
13000000;Reply_b_and_send_c_13;0;WAIT
13000000;Reply_b_and_send_c_14;0;WAIT
13000000;Send_d;0;WAIT
14000000;Forward_h_1;0;WAIT
14000000;Forward_h_2;0;WAIT
14000000;Reply_f_and_send_g;0;WAIT
14000000;Send_a_and_h;1;RUN
14000000;Forward_h_5;0;WAIT
14000000;Reply_i_and_send_c;0;WAIT
14000000;Sink_7;0;WAIT
14000000;Forward_a_8;0;WAIT
14000000;Forward_a_9;0;WAIT
14000000;Forward_a_10;0;WAIT
14000000;Reply_d_and_send_e;0;WAIT
14000000;Reply_b_and_send_c_12;0;WAIT
14000000;Reply_b_and_send_c_13;0;WAIT
14000000;Reply_b_and_send_c_14;0;WAIT
14000000;Send_d;0;WAIT
15000000;Forward_h_1;0;WAIT
15000000;Forward_h_2;0;WAIT
15000000;Reply_f_and_send_g;0;WAIT
15000000;Send_a_and_h;1;READY
15000000;Forward_h_5;0;WAIT
15000000;Reply_i_and_send_c;1;READY
15000000;Sink_7;0;WAIT
15000000;Forward_a_8;0;WAIT
15000000;Forward_a_9;0;WAIT
15000000;Forward_a_10;0;WAIT
15000000;Reply_d_and_send_e;0;WAIT
15000000;Reply_b_and_send_c_12;1;READY
15000000;Reply_b_and_send_c_13;1;READY
15000000;Reply_b_and_send_c_14;1;READY
15000000;Send_d;0;WAIT
16000000;Forward_h_1;0;WAIT
16000000;Forward_h_2;0;WAIT
16000000;Reply_f_and_send_g;0;WAIT
16000000;Send_a_and_h;1;RUN
16000000;Forward_h_5;0;WAIT
16000000;Reply_i_and_send_c;0;WAIT
16000000;Sink_7;0;WAIT
16000000;Forward_a_8;0;WAIT
16000000;Forward_a_9;0;WAIT
16000000;Forward_a_10;0;WAIT
16000000;Reply_d_and_send_e;0;WAIT
16000000;Reply_b_and_send_c_12;0;WAIT
16000000;Reply_b_and_send_c_13;0;WAIT
16000000;Reply_b_and_send_c_14;0;WAIT
16000000;Send_d;0;WAIT
17000000;Forward_h_1;0;WAIT
17000000;Forward_h_2;0;WAIT
17000000;Reply_f_and_send_g;0;WAIT
17000000;Send_a_and_h;0;WAIT
17000000;Forward_h_5;0;WAIT
17000000;Reply_i_and_send_c;0;WAIT
17000000;Sink_7;0;WAIT
17000000;Forward_a_8;0;WAIT
17000000;Forward_a_9;0;WAIT
17000000;Forward_a_10;0;WAIT
17000000;Reply_d_and_send_e;0;WAIT
17000000;Reply_b_and_send_c_12;0;WAIT
17000000;Reply_b_and_send_c_13;0;WAIT
17000000;Reply_b_and_send_c_14;0;WAIT
17000000;Send_d;0;WAIT
18000000;Forward_h_1;0;WAIT
18000000;Forward_h_2;0;WAIT
18000000;Reply_f_and_send_g;0;WAIT
18000000;Send_a_and_h;1;RUN
18000000;Forward_h_5;0;WAIT
18000000;Reply_i_and_send_c;0;WAIT
18000000;Sink_7;0;WAIT
18000000;Forward_a_8;0;WAIT
18000000;Forward_a_9;0;WAIT
18000000;Forward_a_10;0;WAIT
18000000;Reply_d_and_send_e;0;WAIT
18000000;Reply_b_and_send_c_12;0;WAIT
18000000;Reply_b_and_send_c_13;0;WAIT
18000000;Reply_b_and_send_c_14;0;WAIT
18000000;Send_d;0;WAIT
19000000;Forward_h_1;0;WAIT
19000000;Forward_h_2;0;WAIT
19000000;Reply_f_and_send_g;0;WAIT
19000000;Send_a_and_h;1;RUN
19000000;Forward_h_5;0;WAIT
19000000;Reply_i_and_send_c;0;WAIT
19000000;Sink_7;0;WAIT
19000000;Forward_a_8;0;WAIT
19000000;Forward_a_9;0;WAIT
19000000;Forward_a_10;0;WAIT
19000000;Reply_d_and_send_e;0;WAIT
19000000;Reply_b_and_send_c_12;0;WAIT
19000000;Reply_b_and_send_c_13;0;WAIT
19000000;Reply_b_and_send_c_14;0;WAIT
19000000;Send_d;0;WAIT
20000000;Forward_h_1;0;WAIT
20000000;Forward_h_2;0;WAIT
20000000;Reply_f_and_send_g;0;WAIT
20000000;Send_a_and_h;1;READY
20000000;Forward_h_5;0;WAIT
20000000;Reply_i_and_send_c;1;READY
20000000;Sink_7;0;WAIT
20000000;Forward_a_8;0;WAIT
20000000;Forward_a_9;0;WAIT
20000000;Forward_a_10;0;WAIT
20000000;Reply_d_and_send_e;1;READY
20000000;Reply_b_and_send_c_12;1;READY
20000000;Reply_b_and_send_c_13;1;READY
20000000;Reply_b_and_send_c_14;1;READY
20000000;Send_d;0;WAIT
21000000;Forward_h_1;0;WAIT
21000000;Forward_h_2;0;WAIT
21000000;Reply_f_and_send_g;0;WAIT
21000000;Send_a_and_h;1;RUN
21000000;Forward_h_5;0;WAIT
21000000;Reply_i_and_send_c;0;WAIT
21000000;Sink_7;0;WAIT
21000000;Forward_a_8;0;WAIT
21000000;Forward_a_9;0;WAIT
21000000;Forward_a_10;0;WAIT
21000000;Reply_d_and_send_e;0;WAIT
21000000;Reply_b_and_send_c_12;0;WAIT
21000000;Reply_b_and_send_c_13;0;WAIT
21000000;Reply_b_and_send_c_14;0;WAIT
21000000;Send_d;0;WAIT
22000000;Forward_h_1;0;WAIT
22000000;Forward_h_2;0;WAIT
22000000;Reply_f_and_send_g;0;WAIT
22000000;Send_a_and_h;0;WAIT
22000000;Forward_h_5;0;WAIT
22000000;Reply_i_and_send_c;0;WAIT
22000000;Sink_7;0;WAIT
22000000;Forward_a_8;0;WAIT
22000000;Forward_a_9;0;WAIT
22000000;Forward_a_10;0;WAIT
22000000;Reply_d_and_send_e;0;WAIT
22000000;Reply_b_and_send_c_12;0;WAIT
22000000;Reply_b_and_send_c_13;0;WAIT
22000000;Reply_b_and_send_c_14;0;WAIT
22000000;Send_d;0;WAIT
23000000;Forward_h_1;0;WAIT
23000000;Forward_h_2;0;WAIT
23000000;Reply_f_and_send_g;0;WAIT
23000000;Send_a_and_h;1;RUN
23000000;Forward_h_5;0;WAIT
23000000;Reply_i_and_send_c;0;WAIT
23000000;Sink_7;0;WAIT
23000000;Forward_a_8;0;WAIT
23000000;Forward_a_9;0;WAIT
23000000;Forward_a_10;0;WAIT
23000000;Reply_d_and_send_e;0;WAIT
23000000;Reply_b_and_send_c_12;0;WAIT
23000000;Reply_b_and_send_c_13;0;WAIT
23000000;Reply_b_and_send_c_14;0;WAIT
23000000;Send_d;0;WAIT
