<application>
  <task_graph>
    
    <task name="Task_0" id="0" class="general">
      <in_port  id="7"/>
      <out_port id="0"/>
       .
       .
    </task>
       .
       .
    <mem_area name="Memory_n" id="9" size="12030" class="general">
       .
       .
    </mem_area>
      
    <port_connection src="0" dst="1"/>
       .
       .
    <port_connection src="8" dst="9"/>

      
    <event_list>
      <event out_port_id="6" amount="1" name="Event_0" 
             id="0" period="0.1" prob="1"/>
         .
         .
      <event out_port_id="8" amount="1" name="Event_5" 
             id="5" period="0.05" prob="1"/>
    </event_list>

  </task_graph>
</application>
