<task name="Task0" id="0" class="general">
  <in_port  id="5"/>
  <in_port  id="7"/>
  <out_port id="0"/>

  <trigger>
    <in_port id="5"/>
    <exec_count>
      <op_count>
	<int_ops>
	  <polynomial>
	    <param value="10000" exp="0"/>
	  </polynomial>
	</int_ops>
      </op_count>
      <send out_id="0" prob="1">
	<byte_amount>
	  <polynomial>
	    <param value="1024" exp="0"/>
	  </polynomial>
	</byte_amount>
      </send>
      <next_state value="READY"/>
    </exec_count>
  </trigger>

  <trigger>
    <in_port id="7"/>
    <exec_count>
      <op_count>
	<int_ops>
	  <polynomial>
	    <param value="2000" exp="0"/>
	  </polynomial>
	</int_ops>
      </op_count>
      <next_state value="READY"/>
    </exec_count>
  </trigger>

</task>
