<trigger>
  <in_port id="7"/>
  <in_port id="8"/>
  <exec_count>
    <op_count>
      <int_ops>
	<polynomial>
	  <param value="400" exp="0"/>
	</polynomial>
      </int_ops>
    </op_count>
    <send out_id="2" prob="1">
      <byte_amount>
	<polynomial>
	  <param value="1024" exp="0"/>
	</polynomial>
      </byte_amount>
    </send>
    <send out_id="1" prob="0.5">
      <byte_amount>
	<polynomial>
	  <param value="256" exp="0"/>
	</polynomial>
      </byte_amount>
    </send>
    <next_state value="READY"/>
  </exec_count>
</trigger>
<trigger dependence_type="and">
  <in_port id="10"/>
  <in_port id="11"/>
  <in_port id="12"/>
  <exec_count>
    .
    .
  </exec_count>
</trigger>
