<send out_id="4" prob="1">
  <byte_amount>
    <polynomial>
      <param value="320000" exp="0"/>
    </polynomial>
  </byte_amount>

  <burst_length>
    <distribution>
      <uniform min="16" max="23"/>
    </distribution>
  </burst_length>
</send>
	    

<read out_id="2" resp_id="12" prob="1">
  <burst_length>
    <distribution>
      <uniform min="4" max="23"/>
    </distribution>
  </burst_length>
  
  <byte_amount>
    <polynomial>
      <param value="100" exp="0"/>
    </polynomial>
  </byte_amount>
</read>
