<op_count>
  <int_ops>
    <polynomial>
      <param value="400" exp="0"/>
      <param value="100" exp="1"/>
      <param value="10"  exp="2"/>
    </polynomial>
  </int_ops>
  <float_ops>
    <distribution>
      <uniform min="30" max="90"/>
    </distribution>
  </float_ops>
  <mem_ops>
    <distribution>
      <normal mean="50" standard_deviation="5"/>
    </distribution>
  </mem_ops>
</op_count>

<send out_id="2" prob="1">
  <byte_amount>
    <polynomial>
      <param value="1024" exp="0"/>
    </polynomial>
  </byte_amount>
</send>

<send out_id="2" prob="1">
  <byte_amount>
    <distribution>
      <normal standard_deviation="100"/>     
    </distribution>
  </byte_amount>
</send>
