<mapping>
  
  <resource      name="cpu0"        id="0" contents="mutable">
    <sw_platform position="movable" id="0" contents="mutable">
      <group     position="movable" id="0" contents="mutable" 
		 name="group0">
	
	<task position="movable" id="0" name="Task0"/>
	<task position="movable" id="1" name="Task1"/>
	<task position="movable" id="2" name="Task2"/>

      </group>
      <group     position="movable" id="1" contents="immutable" 
		 name="group1">
	
	<task position="immovable" id="3" name="Task3"/>

      </group>
    </sw_platform>
  </resource>
  
  <resource name="Memory1"          id="1" contents="immutable">

    <mem_area position="immovable" id="4" name="MemoryArea4"/>

  </resource>

  .
  .
  .
  
</mapping>
