<platform>
  
  <resource id="0" name="cpu0" frequency="80" type="Generic_CPU"
	    rx_buffer_size="262144" tx_buffer_size="1024" 
	    packet_size="16">

    <cache>
      <i_miss line_size="64" mem_area_id="2">
	<distribution>
	  <uniform min="1000" max="2000"/>
	</distribution>
      </i_miss>
      <d_miss line_size="64" mem_area_id="3">
	<distribution>
	  <normal mean="100000" standard_deviation="20000"/>
	</distribution>
      </d_miss>
    </cache>

  </resource>

  <resource id="1" name="mem1" frequency="200" class="memory"
	    rx_buffer_size="262144" tx_buffer_size="1024" 
	    packet_size="16" request_size="8"
	    ocp_param="examples/ocpParams" adm_param="examples/admParams">
  </resource>

</platform>
