<constraints>
  <noc class="mesh_2d" type="rtl_1" subtype="4x4"/>

  <!-- Seed for random number generator, comment out for random seed -->
  <rng_seed       value="42"/>
  
  <!-- Used in standalone mode -->
  <sim_resolution time="1.0"   unit="fs"/>
  <sim_length     time="1.0"   unit="ms"/>
  
  <!-- interval between measurements 
       (both averages and snapshots) -->
  <measurements   time="2.0"   unit="ms"/>   
  
  <!-- Path to PE lib file -->
  <pe_lib         file="examples/pe_lib.xml"/>
  
  <!-- Paths to log files, comment out to disable logging -->
  <log_packet      file="log_packet.csv"/>
  <log_token       file="log_token.csv"/>
  <log_summary     file="log_summary.csv"/>
  <log_pe          file="log_pe.csv"/>
  <log_app         file="log_app.csv"/>
</constraints>
